timestamp,epoch,step,mode,scope,q,initial_lr,current_lr,batch_size,gradient_accumulation_steps,effective_batch_size,optimizer,bp_interval,loss,grad_norm
2025-11-12 00:40:49,1,10,Instruct,full,8,0.001,3.0000000000000004e-05,4,1,4,mudamw,1,10.925960540771484,2037.4798082163259
2025-11-12 00:41:56,1,20,Instruct,full,8,0.001,6.333333333333333e-05,4,1,4,mudamw,1,10.800399780273438,2287.638093853257
2025-11-12 00:43:03,1,30,Instruct,full,8,0.001,9.666666666666667e-05,4,1,4,mudamw,1,10.618169784545898,1125.7815618112465
2025-11-12 00:44:11,1,40,Instruct,full,8,0.001,0.00013,4,1,4,mudamw,1,10.43165111541748,551.5496901247375
2025-11-12 00:45:23,1,50,Instruct,full,8,0.001,0.00016333333333333334,4,1,4,mudamw,1,10.142706871032715,293.7985811940202
2025-11-12 00:46:29,1,60,Instruct,full,8,0.001,0.00019666666666666669,4,1,4,mudamw,1,10.055023193359375,117.52566564198514
2025-11-12 00:47:24,1,70,Instruct,full,8,0.001,0.00023,4,1,4,mudamw,1,9.719557762145996,67.57825827313935
2025-11-12 00:48:23,1,80,Instruct,full,8,0.001,0.00026333333333333336,4,1,4,mudamw,1,9.87950611114502,40.24523352576342
2025-11-12 00:49:18,1,90,Instruct,full,8,0.001,0.00029666666666666665,4,1,4,mudamw,1,9.429737091064453,24.437581795361915
2025-11-12 00:50:25,1,100,Instruct,full,8,0.001,0.00033,4,1,4,mudamw,1,9.50602912902832,18.02513158748802
2025-11-12 00:51:33,1,110,Instruct,full,8,0.001,0.00036333333333333335,4,1,4,mudamw,1,9.252870559692383,17.46577163693639
2025-11-12 00:52:41,1,120,Instruct,full,8,0.001,0.0003966666666666667,4,1,4,mudamw,1,9.118237495422363,28.220730527307374
2025-11-12 00:53:48,1,130,Instruct,full,8,0.001,0.00043,4,1,4,mudamw,1,9.076922416687012,118.21007180771454
2025-11-12 00:54:56,1,140,Instruct,full,8,0.001,0.0004633333333333334,4,1,4,mudamw,1,8.987885475158691,65.16062864972537
2025-11-12 00:56:03,1,150,Instruct,full,8,0.001,0.0004966666666666666,4,1,4,mudamw,1,8.784138679504395,14.624902801750748
2025-11-12 00:57:10,1,160,Instruct,full,8,0.001,0.00053,4,1,4,mudamw,1,8.445244789123535,7.496291155228593
2025-11-12 00:58:17,1,170,Instruct,full,8,0.001,0.0005633333333333333,4,1,4,mudamw,1,8.545764923095703,17.88642732512833
2025-11-12 00:59:23,1,180,Instruct,full,8,0.001,0.0005966666666666667,4,1,4,mudamw,1,8.280747413635254,6.3050217030166085
2025-11-12 01:00:31,1,190,Instruct,full,8,0.001,0.00063,4,1,4,mudamw,1,8.198914527893066,4.977156150777303
2025-11-12 01:01:39,1,200,Instruct,full,8,0.001,0.0006633333333333334,4,1,4,mudamw,1,8.577919960021973,4.833791918832355
2025-11-12 01:02:46,1,210,Instruct,full,8,0.001,0.0006966666666666666,4,1,4,mudamw,1,8.243256568908691,5.173432414977847
2025-11-12 01:03:54,1,220,Instruct,full,8,0.001,0.00073,4,1,4,mudamw,1,8.352019309997559,4.630568786511608
2025-11-12 01:05:02,1,230,Instruct,full,8,0.001,0.0007633333333333333,4,1,4,mudamw,1,7.994615077972412,5.657870456405226
2025-11-12 01:06:10,1,240,Instruct,full,8,0.001,0.0007966666666666668,4,1,4,mudamw,1,7.964817523956299,5.8168338891455384
2025-11-12 01:07:18,1,250,Instruct,full,8,0.001,0.00083,4,1,4,mudamw,1,7.778881072998047,4.722488641653377
2025-11-12 01:08:12,1,260,Instruct,full,8,0.001,0.0008633333333333334,4,1,4,mudamw,1,7.990882396697998,12.226206246717272
2025-11-12 01:09:14,1,270,Instruct,full,8,0.001,0.0008966666666666667,4,1,4,mudamw,1,7.8998003005981445,2.7036113242335977
2025-11-12 01:10:22,1,280,Instruct,full,8,0.001,0.00093,4,1,4,mudamw,1,7.927821636199951,3.087900166135859
2025-11-12 01:11:29,1,290,Instruct,full,8,0.001,0.0009633333333333333,4,1,4,mudamw,1,7.417630195617676,3.48935483553304
2025-11-12 01:12:36,1,300,Instruct,full,8,0.001,0.0009966666666666665,4,1,4,mudamw,1,7.585185527801514,2.1149385387347386
2025-11-12 01:13:43,1,310,Instruct,full,8,0.001,0.0009999999917872876,4,1,4,mudamw,1,7.568814277648926,4.739323554503344
2025-11-12 01:14:51,1,320,Instruct,full,8,0.001,0.0009999999633976654,4,1,4,mudamw,1,7.589494705200195,3.211462143498523
2025-11-12 01:15:59,1,330,Instruct,full,8,0.001,0.0009999999147297428,4,1,4,mudamw,1,7.153213977813721,1.967789602315182
2025-11-12 01:17:05,1,340,Instruct,full,8,0.001,0.0009999998457835215,4,1,4,mudamw,1,7.5266242027282715,3.0516527408518397
2025-11-12 01:18:12,1,350,Instruct,full,8,0.001,0.0009999997565590048,4,1,4,mudamw,1,7.471858024597168,1.671857778309185
2025-11-12 01:19:12,1,360,Instruct,full,8,0.001,0.000999999647056196,4,1,4,mudamw,1,7.1320343017578125,3.0706407228713632
2025-11-12 01:20:07,1,370,Instruct,full,8,0.001,0.0009999995172750998,4,1,4,mudamw,1,7.460088729858398,1.2150882472322817
2025-11-12 01:21:13,1,380,Instruct,full,8,0.001,0.000999999367215721,4,1,4,mudamw,1,7.2556538581848145,1.9481852602629801
2025-11-12 01:22:20,1,390,Instruct,full,8,0.001,0.0009999991968780663,4,1,4,mudamw,1,7.416365146636963,1.7787183520468384
2025-11-12 01:23:27,1,400,Instruct,full,8,0.001,0.0009999990062621422,4,1,4,mudamw,1,7.0157084465026855,1.6014803282523664
2025-11-12 01:24:32,1,410,Instruct,full,8,0.001,0.0009999987953679564,4,1,4,mudamw,1,7.167625427246094,1.2746515954134052
2025-11-12 01:25:38,1,420,Instruct,full,8,0.001,0.0009999985641955178,4,1,4,mudamw,1,7.3164215087890625,1.926001090400963
2025-11-12 01:26:45,1,430,Instruct,full,8,0.001,0.0009999983127448354,4,1,4,mudamw,1,7.000594615936279,1.7754493064472776
2025-11-12 01:27:46,1,440,Instruct,full,8,0.001,0.0009999980410159198,4,1,4,mudamw,1,7.490386962890625,1.4951207294838296
2025-11-12 01:28:39,1,450,Instruct,full,8,0.001,0.0009999977490087817,4,1,4,mudamw,1,7.391729354858398,1.2764793407328054
2025-11-12 01:29:46,1,460,Instruct,full,8,0.001,0.0009999974367234333,4,1,4,mudamw,1,6.930268287658691,1.5438490145421813
2025-11-12 01:30:52,1,470,Instruct,full,8,0.001,0.0009999971041598867,4,1,4,mudamw,1,7.1664018630981445,1.2557121748303044
2025-11-12 01:31:58,1,480,Instruct,full,8,0.001,0.0009999967513181563,4,1,4,mudamw,1,6.9200029373168945,1.541080361037831
2025-11-12 01:33:04,1,490,Instruct,full,8,0.001,0.0009999963781982557,4,1,4,mudamw,1,7.153600215911865,2.0630776950511076
2025-11-12 01:34:11,1,500,Instruct,full,8,0.001,0.0009999959848002,4,1,4,mudamw,1,6.794206619262695,1.2191425937357416
2025-11-12 01:35:17,1,510,Instruct,full,8,0.001,0.0009999955711240056,4,1,4,mudamw,1,6.86120080947876,1.3623277253674742
2025-11-12 01:36:23,1,520,Instruct,full,8,0.001,0.000999995137169689,4,1,4,mudamw,1,6.932487964630127,1.163217915168764
2025-11-12 01:37:30,1,530,Instruct,full,8,0.001,0.000999994682937268,4,1,4,mudamw,1,6.855493545532227,1.4064659732655074
2025-11-12 01:38:36,1,540,Instruct,full,8,0.001,0.000999994208426761,4,1,4,mudamw,1,7.105262279510498,1.3268541139792376
2025-11-12 01:39:43,1,550,Instruct,full,8,0.001,0.0009999937136381872,4,1,4,mudamw,1,6.662657260894775,1.3170406135682442
2025-11-12 01:40:48,1,560,Instruct,full,8,0.001,0.0009999931985715668,4,1,4,mudamw,1,7.158985614776611,1.6335718445810554
2025-11-12 01:41:53,1,570,Instruct,full,8,0.001,0.0009999926632269205,4,1,4,mudamw,1,7.095855236053467,1.4867613386473804
2025-11-12 01:42:59,1,580,Instruct,full,8,0.001,0.0009999921076042702,4,1,4,mudamw,1,6.975574493408203,1.3319285311780995
2025-11-12 01:44:05,1,590,Instruct,full,8,0.001,0.0009999915317036386,4,1,4,mudamw,1,6.606468677520752,1.36922272500225
2025-11-12 01:45:11,1,600,Instruct,full,8,0.001,0.0009999909355250486,4,1,4,mudamw,1,6.883465766906738,1.0644295605527623
2025-11-12 01:46:17,1,610,Instruct,full,8,0.001,0.000999990319068525,4,1,4,mudamw,1,7.181087017059326,1.3501825689045435
2025-11-12 01:47:12,1,620,Instruct,full,8,0.001,0.0009999896823340922,4,1,4,mudamw,1,6.66020393371582,1.1465711101664657
2025-11-12 01:48:08,1,630,Instruct,full,8,0.001,0.0009999890253217767,4,1,4,mudamw,1,6.6610283851623535,1.3966108500821603
2025-11-12 01:49:15,1,640,Instruct,full,8,0.001,0.0009999883480316047,4,1,4,mudamw,1,6.780582427978516,1.6098483041054015
2025-11-12 01:50:20,1,650,Instruct,full,8,0.001,0.0009999876504636037,4,1,4,mudamw,1,6.755426406860352,1.4358810408922333
2025-11-12 01:51:15,1,660,Instruct,full,8,0.001,0.0009999869326178024,4,1,4,mudamw,1,6.443043231964111,1.3302678511700607
2025-11-12 01:52:13,1,670,Instruct,full,8,0.001,0.0009999861944942295,4,1,4,mudamw,1,6.680020332336426,1.6254317410318875
2025-11-12 01:53:19,1,680,Instruct,full,8,0.001,0.0009999854360929156,4,1,4,mudamw,1,6.880271911621094,1.1438846396333482
2025-11-12 01:54:24,1,690,Instruct,full,8,0.001,0.0009999846574138907,4,1,4,mudamw,1,7.040687561035156,1.0418858551992645
2025-11-12 01:55:30,1,700,Instruct,full,8,0.001,0.0009999838584571867,4,1,4,mudamw,1,6.2675042152404785,1.2428734987172707
2025-11-12 01:56:35,1,710,Instruct,full,8,0.001,0.0009999830392228364,4,1,4,mudamw,1,6.930203914642334,1.5027907470895192
2025-11-12 01:57:41,1,720,Instruct,full,8,0.001,0.0009999821997108726,4,1,4,mudamw,1,6.2678351402282715,1.1999063624502289
2025-11-12 01:58:45,1,730,Instruct,full,8,0.001,0.0009999813399213296,4,1,4,mudamw,1,6.639469623565674,1.5531139728298826
2025-11-12 01:59:51,1,740,Instruct,full,8,0.001,0.0009999804598542423,4,1,4,mudamw,1,6.820473670959473,1.280801346398263
2025-11-12 02:00:55,1,750,Instruct,full,8,0.001,0.000999979559509646,4,1,4,mudamw,1,6.839996814727783,1.1671368098499315
2025-11-12 02:02:00,1,760,Instruct,full,8,0.001,0.000999978638887578,4,1,4,mudamw,1,6.500147342681885,1.0226668541777792
2025-11-12 02:03:04,1,770,Instruct,full,8,0.001,0.0009999776979880753,4,1,4,mudamw,1,6.621471881866455,1.2418848859360256
2025-11-12 02:04:09,1,780,Instruct,full,8,0.001,0.0009999767368111762,4,1,4,mudamw,1,6.499008655548096,1.2125164290092643
2025-11-12 02:05:13,1,790,Instruct,full,8,0.001,0.0009999757553569193,4,1,4,mudamw,1,6.419492244720459,1.3349149506090339
2025-11-12 02:06:16,1,800,Instruct,full,8,0.001,0.0009999747536253451,4,1,4,mudamw,1,6.353084564208984,2.1785929828779467
2025-11-12 02:07:11,1,810,Instruct,full,8,0.001,0.0009999737316164939,4,1,4,mudamw,1,6.467615604400635,2.1700414846232703
2025-11-12 02:08:05,1,820,Instruct,full,8,0.001,0.000999972689330407,4,1,4,mudamw,1,6.581565856933594,1.2014763750368662
2025-11-12 02:09:08,1,830,Instruct,full,8,0.001,0.0009999716267671272,4,1,4,mudamw,1,6.657307147979736,1.1341989665297114
2025-11-12 02:10:11,1,840,Instruct,full,8,0.001,0.0009999705439266973,4,1,4,mudamw,1,6.936008930206299,1.512452043965433
2025-11-12 02:11:14,1,850,Instruct,full,8,0.001,0.0009999694408091612,4,1,4,mudamw,1,7.044548511505127,1.1735794234877568
2025-11-12 02:12:17,1,860,Instruct,full,8,0.001,0.000999968317414564,4,1,4,mudamw,1,6.514111518859863,1.2208232117880127
2025-11-12 02:13:20,1,870,Instruct,full,8,0.001,0.000999967173742951,4,1,4,mudamw,1,6.91684627532959,1.1449752738923198
2025-11-12 02:14:22,1,880,Instruct,full,8,0.001,0.000999966009794369,4,1,4,mudamw,1,6.26596736907959,1.2264340847658373
2025-11-12 02:15:25,1,890,Instruct,full,8,0.001,0.000999964825568865,4,1,4,mudamw,1,6.594167709350586,1.4201873212845728
2025-11-12 02:16:28,1,900,Instruct,full,8,0.001,0.0009999636210664868,4,1,4,mudamw,1,6.780185222625732,1.2800443605756096
2025-11-12 02:17:30,1,910,Instruct,full,8,0.001,0.0009999623962872837,4,1,4,mudamw,1,6.532456874847412,1.3492292540587678
2025-11-12 02:18:32,1,920,Instruct,full,8,0.001,0.0009999611512313054,4,1,4,mudamw,1,6.783779621124268,1.3359896877768505
2025-11-12 02:19:35,1,930,Instruct,full,8,0.001,0.0009999598858986022,4,1,4,mudamw,1,6.558955192565918,1.1323527592181286
2025-11-12 02:20:33,1,940,Instruct,full,8,0.001,0.0009999586002892259,4,1,4,mudamw,1,6.523587226867676,1.1579370399943607
2025-11-12 02:21:22,1,950,Instruct,full,8,0.001,0.0009999572944032282,4,1,4,mudamw,1,6.7388014793396,1.252036302702203
2025-11-12 02:22:26,1,960,Instruct,full,8,0.001,0.0009999559682406624,4,1,4,mudamw,1,6.905147075653076,1.1818342815811986
2025-11-12 02:23:29,1,970,Instruct,full,8,0.001,0.0009999546218015824,4,1,4,mudamw,1,6.548133373260498,1.4130742609786464
2025-11-12 02:24:30,1,980,Instruct,full,8,0.001,0.0009999532550860426,4,1,4,mudamw,1,6.854883193969727,1.3817814710231013
2025-11-12 02:25:33,1,990,Instruct,full,8,0.001,0.0009999518680940988,4,1,4,mudamw,1,6.52791690826416,1.090491588351944
2025-11-12 02:26:29,1,1000,Instruct,full,8,0.001,0.0009999504608258069,4,1,4,mudamw,1,6.297702312469482,1.2673513816264086
2025-11-12 02:27:20,1,1010,Instruct,full,8,0.001,0.0009999490332812243,4,1,4,mudamw,1,6.8607401847839355,1.00108654791793
2025-11-12 02:28:24,1,1020,Instruct,full,8,0.001,0.000999947585460409,4,1,4,mudamw,1,6.504769802093506,1.007557278082873
2025-11-12 02:29:27,1,1030,Instruct,full,8,0.001,0.0009999461173634196,4,1,4,mudamw,1,6.578404426574707,1.3571507014391329
2025-11-12 02:30:30,1,1040,Instruct,full,8,0.001,0.0009999446289903158,4,1,4,mudamw,1,6.837469100952148,1.4614845197102357
2025-11-12 02:31:32,1,1050,Instruct,full,8,0.001,0.0009999431203411581,4,1,4,mudamw,1,6.551548957824707,1.3582470485072367
2025-11-12 02:32:34,1,1060,Instruct,full,8,0.001,0.0009999415914160076,4,1,4,mudamw,1,6.79996919631958,1.111284843492076
2025-11-12 02:33:36,1,1070,Instruct,full,8,0.001,0.0009999400422149266,4,1,4,mudamw,1,6.968868732452393,1.783303024112017
2025-11-12 02:34:39,1,1080,Instruct,full,8,0.001,0.0009999384727379776,4,1,4,mudamw,1,6.335152626037598,1.1255502064749885
2025-11-12 02:35:41,1,1090,Instruct,full,8,0.001,0.0009999368829852247,4,1,4,mudamw,1,6.551233768463135,1.186980518561246
2025-11-12 02:36:44,1,1100,Instruct,full,8,0.001,0.0009999352729567323,4,1,4,mudamw,1,6.489246368408203,1.275766454969449
2025-11-12 02:37:46,1,1110,Instruct,full,8,0.001,0.0009999336426525657,4,1,4,mudamw,1,6.319566249847412,1.260494078984619
2025-11-12 02:38:49,1,1120,Instruct,full,8,0.001,0.0009999319920727908,4,1,4,mudamw,1,6.3487772941589355,1.311420399964622
2025-11-12 02:39:52,1,1130,Instruct,full,8,0.001,0.0009999303212174754,4,1,4,mudamw,1,6.516597747802734,1.0189987880567042
2025-11-12 02:40:55,1,1140,Instruct,full,8,0.001,0.0009999286300866868,4,1,4,mudamw,1,6.828414440155029,1.1953451563743278
2025-11-12 02:41:57,1,1150,Instruct,full,8,0.001,0.0009999269186804936,4,1,4,mudamw,1,6.917532444000244,1.1436641320678511
2025-11-12 02:43:00,1,1160,Instruct,full,8,0.001,0.0009999251869989654,4,1,4,mudamw,1,6.442359924316406,1.1629662522694195
2025-11-12 02:44:01,1,1170,Instruct,full,8,0.001,0.0009999234350421726,4,1,4,mudamw,1,6.158840179443359,1.0952967871823458
2025-11-12 02:44:51,1,1180,Instruct,full,8,0.001,0.0009999216628101863,4,1,4,mudamw,1,6.4038286209106445,1.162242578399035
2025-11-12 02:45:50,1,1190,Instruct,full,8,0.001,0.0009999198703030782,4,1,4,mudamw,1,6.307387828826904,1.2268806860320467
2025-11-12 02:46:52,1,1200,Instruct,full,8,0.001,0.0009999180575209212,4,1,4,mudamw,1,6.434355735778809,1.1296129069224163
2025-11-12 02:47:55,1,1210,Instruct,full,8,0.001,0.0009999162244637891,4,1,4,mudamw,1,6.192041873931885,1.107210673525169
2025-11-12 02:48:58,1,1220,Instruct,full,8,0.001,0.0009999143711317562,4,1,4,mudamw,1,6.640505790710449,1.204200193068393
2025-11-12 02:50:01,1,1230,Instruct,full,8,0.001,0.0009999124975248975,4,1,4,mudamw,1,6.362401485443115,1.1503125161617898
2025-11-12 02:50:55,1,1240,Instruct,full,8,0.001,0.0009999106036432896,4,1,4,mudamw,1,6.461551189422607,1.1891200570559266
2025-11-12 02:51:47,1,1250,Instruct,full,8,0.001,0.0009999086894870088,4,1,4,mudamw,1,6.315390110015869,0.9875978267937685
2025-11-12 02:52:49,1,1260,Instruct,full,8,0.001,0.0009999067550561331,4,1,4,mudamw,1,6.225284576416016,1.3056471476365628
2025-11-12 02:53:52,1,1270,Instruct,full,8,0.001,0.000999904800350741,4,1,4,mudamw,1,6.283610820770264,1.1554898108540088
2025-11-12 02:54:55,1,1280,Instruct,full,8,0.001,0.0009999028253709118,4,1,4,mudamw,1,6.496860027313232,1.205042465771123
2025-11-12 02:55:57,1,1290,Instruct,full,8,0.001,0.0009999008301167258,4,1,4,mudamw,1,6.656645774841309,1.2379427623734875
2025-11-12 02:57:00,1,1300,Instruct,full,8,0.001,0.000999898814588264,4,1,4,mudamw,1,6.770044803619385,1.404566294111573
2025-11-12 02:58:02,1,1310,Instruct,full,8,0.001,0.000999896778785608,4,1,4,mudamw,1,6.3037872314453125,1.2615260037438878
2025-11-12 02:59:04,1,1320,Instruct,full,8,0.001,0.0009998947227088406,4,1,4,mudamw,1,6.089014530181885,1.1177871271584272
2025-11-12 03:00:07,1,1330,Instruct,full,8,0.001,0.0009998926463580453,4,1,4,mudamw,1,6.453457832336426,1.1852642248172214
2025-11-12 03:01:10,1,1340,Instruct,full,8,0.001,0.0009998905497333064,4,1,4,mudamw,1,6.503442287445068,1.6427723537996843
2025-11-12 03:02:12,1,1350,Instruct,full,8,0.001,0.000999888432834709,4,1,4,mudamw,1,5.749292850494385,1.1878560919719816
2025-11-12 03:03:13,1,1360,Instruct,full,8,0.001,0.0009998862956623392,4,1,4,mudamw,1,6.06886625289917,1.0863541175692966
2025-11-12 03:04:03,1,1370,Instruct,full,8,0.001,0.0009998841382162834,4,1,4,mudamw,1,6.172545909881592,1.1917650318125952
2025-11-12 03:05:03,1,1380,Instruct,full,8,0.001,0.0009998819604966293,4,1,4,mudamw,1,6.291613578796387,1.2338614601851199
2025-11-12 03:06:05,1,1390,Instruct,full,8,0.001,0.0009998797625034655,4,1,4,mudamw,1,6.216588497161865,1.486417324326887
2025-11-12 03:07:08,1,1400,Instruct,full,8,0.001,0.000999877544236881,4,1,4,mudamw,1,6.494167804718018,1.0281282687822484
2025-11-12 03:08:11,1,1410,Instruct,full,8,0.001,0.0009998753056969661,4,1,4,mudamw,1,6.264912128448486,0.9635623403551729
2025-11-12 03:09:13,1,1420,Instruct,full,8,0.001,0.0009998730468838116,4,1,4,mudamw,1,6.194572448730469,1.3842171581050489
2025-11-12 03:10:16,1,1430,Instruct,full,8,0.001,0.0009998707677975089,4,1,4,mudamw,1,6.263607978820801,1.034288543896755
2025-11-12 03:11:19,1,1440,Instruct,full,8,0.001,0.000999868468438151,4,1,4,mudamw,1,6.295460224151611,1.3133497004045698
2025-11-12 03:12:22,1,1450,Instruct,full,8,0.001,0.0009998661488058308,4,1,4,mudamw,1,6.527164936065674,1.206333994796144
2025-11-12 03:13:25,1,1460,Instruct,full,8,0.001,0.000999863808900643,4,1,4,mudamw,1,6.279074192047119,1.4089907245503615
2025-11-12 03:14:28,1,1470,Instruct,full,8,0.001,0.000999861448722682,4,1,4,mudamw,1,6.610056400299072,1.0116929249126116
2025-11-12 03:15:31,1,1480,Instruct,full,8,0.001,0.0009998590682720441,4,1,4,mudamw,1,6.392020225524902,1.19535417910815
2025-11-12 03:16:34,1,1490,Instruct,full,8,0.001,0.0009998566675488256,4,1,4,mudamw,1,6.695003986358643,1.7528008011336405
2025-11-12 03:17:36,1,1500,Instruct,full,8,0.001,0.0009998542465531242,4,1,4,mudamw,1,6.454228401184082,0.933847868683066
2025-11-12 03:18:39,1,1510,Instruct,full,8,0.001,0.000999851805285038,4,1,4,mudamw,1,6.548816204071045,1.475455251160644
2025-11-12 03:19:40,1,1520,Instruct,full,8,0.001,0.0009998493437446663,4,1,4,mudamw,1,6.578035354614258,1.275546757683468
2025-11-12 03:20:29,1,1530,Instruct,full,8,0.001,0.000999846861932109,4,1,4,mudamw,1,6.0062055587768555,1.0968520489410905
2025-11-12 03:21:28,1,1540,Instruct,full,8,0.001,0.0009998443598474667,4,1,4,mudamw,1,6.2551984786987305,1.2811621825281707
2025-11-12 03:22:29,1,1550,Instruct,full,8,0.001,0.000999841837490841,4,1,4,mudamw,1,6.620497226715088,1.1370730270275566
2025-11-12 03:23:19,1,1560,Instruct,full,8,0.001,0.0009998392948623346,4,1,4,mudamw,1,6.096234321594238,1.0049297763510041
2025-11-12 03:24:21,1,1570,Instruct,full,8,0.001,0.0009998367319620503,4,1,4,mudamw,1,6.170534610748291,1.0274473898009047
2025-11-12 03:25:23,1,1580,Instruct,full,8,0.001,0.0009998341487900922,4,1,4,mudamw,1,6.922088623046875,1.105740544893465
2025-11-12 03:26:26,1,1590,Instruct,full,8,0.001,0.0009998315453465655,4,1,4,mudamw,1,6.221719264984131,1.1849912653850398
2025-11-12 03:27:29,1,1600,Instruct,full,8,0.001,0.0009998289216315757,4,1,4,mudamw,1,6.451651573181152,0.9518973006079704
2025-11-12 03:28:32,1,1610,Instruct,full,8,0.001,0.0009998262776452292,4,1,4,mudamw,1,6.43122673034668,1.110910654788622
2025-11-12 03:29:35,1,1620,Instruct,full,8,0.001,0.0009998236133876334,4,1,4,mudamw,1,6.426825046539307,1.056040575595724
2025-11-12 03:30:38,1,1630,Instruct,full,8,0.001,0.0009998209288588967,4,1,4,mudamw,1,6.304373741149902,1.2902589508379614
2025-11-12 03:31:41,1,1640,Instruct,full,8,0.001,0.0009998182240591278,4,1,4,mudamw,1,5.957119941711426,1.0052674387967588
2025-11-12 03:32:45,1,1650,Instruct,full,8,0.001,0.0009998154989884365,4,1,4,mudamw,1,6.191372871398926,1.2142018024313144
2025-11-12 03:33:48,1,1660,Instruct,full,8,0.001,0.0009998127536469338,4,1,4,mudamw,1,5.787431716918945,1.1506008784515058
2025-11-12 03:34:50,1,1670,Instruct,full,8,0.001,0.0009998099880347308,4,1,4,mudamw,1,6.159865379333496,0.9560489519883415
2025-11-12 03:35:53,1,1680,Instruct,full,8,0.001,0.0009998072021519398,4,1,4,mudamw,1,6.45816707611084,1.6578625432027756
2025-11-12 03:36:55,1,1690,Instruct,full,8,0.001,0.000999804395998674,4,1,4,mudamw,1,6.536998748779297,1.10965775503155
2025-11-12 03:37:58,1,1700,Instruct,full,8,0.001,0.0009998015695750473,4,1,4,mudamw,1,6.001213073730469,1.0136389573756077
2025-11-12 03:39:01,1,1710,Instruct,full,8,0.001,0.0009997987228811743,4,1,4,mudamw,1,6.242698669433594,1.019050689455236
2025-11-12 03:40:04,1,1720,Instruct,full,8,0.001,0.0009997958559171708,4,1,4,mudamw,1,6.311542510986328,1.0210603884385907
2025-11-12 03:40:59,1,1730,Instruct,full,8,0.001,0.000999792968683153,4,1,4,mudamw,1,6.0274553298950195,1.0363374199239859
2025-11-12 03:41:51,1,1740,Instruct,full,8,0.001,0.0009997900611792383,4,1,4,mudamw,1,6.38319206237793,1.4203294462792393
2025-11-12 03:42:54,1,1750,Instruct,full,8,0.001,0.0009997871334055447,4,1,4,mudamw,1,6.91487979888916,1.2325538589414664
2025-11-12 03:43:57,1,1760,Instruct,full,8,0.001,0.0009997841853621907,4,1,4,mudamw,1,6.488286018371582,1.0560786502971884
2025-11-12 03:45:01,1,1770,Instruct,full,8,0.001,0.0009997812170492967,4,1,4,mudamw,1,6.031320095062256,0.9713193380870213
2025-11-12 03:46:04,1,1780,Instruct,full,8,0.001,0.0009997782284669825,4,1,4,mudamw,1,6.820431709289551,1.2846624125268404
2025-11-12 03:47:08,1,1790,Instruct,full,8,0.001,0.0009997752196153698,4,1,4,mudamw,1,5.989525318145752,1.031409031520431
2025-11-12 03:48:12,1,1800,Instruct,full,8,0.001,0.0009997721904945805,4,1,4,mudamw,1,6.442333698272705,1.3434643419818346
2025-11-12 03:49:14,1,1810,Instruct,full,8,0.001,0.000999769141104738,4,1,4,mudamw,1,6.319458961486816,1.4735687447926962
2025-11-12 03:50:14,1,1820,Instruct,full,8,0.001,0.0009997660714459657,4,1,4,mudamw,1,6.5727620124816895,1.14392329906998
2025-11-12 03:51:05,1,1830,Instruct,full,8,0.001,0.0009997629815183884,4,1,4,mudamw,1,6.790866851806641,0.9264404150637868
2025-11-12 03:52:07,1,1840,Instruct,full,8,0.001,0.0009997598713221314,4,1,4,mudamw,1,6.529106616973877,0.974789790437573
2025-11-12 03:53:10,1,1850,Instruct,full,8,0.001,0.0009997567408573213,4,1,4,mudamw,1,6.2745842933654785,1.02652916488728
2025-11-12 03:54:13,1,1860,Instruct,full,8,0.001,0.0009997535901240847,4,1,4,mudamw,1,6.235049247741699,1.0132188630997407
2025-11-12 03:55:15,1,1870,Instruct,full,8,0.001,0.0009997504191225498,4,1,4,mudamw,1,6.366763591766357,1.3227477430131462
2025-11-12 03:56:18,1,1880,Instruct,full,8,0.001,0.0009997472278528454,4,1,4,mudamw,1,6.065818786621094,1.3397159348257557
2025-11-12 03:57:21,1,1890,Instruct,full,8,0.001,0.0009997440163151009,4,1,4,mudamw,1,6.04180383682251,1.1945482888497885
2025-11-12 03:58:24,1,1900,Instruct,full,8,0.001,0.0009997407845094468,4,1,4,mudamw,1,6.118295669555664,1.2580034408825336
2025-11-12 03:59:27,1,1910,Instruct,full,8,0.001,0.0009997375324360142,4,1,4,mudamw,1,6.547512054443359,1.0204048397014231
2025-11-12 04:00:19,1,1920,Instruct,full,8,0.001,0.000999734260094935,4,1,4,mudamw,1,6.492140293121338,1.096288834134923
2025-11-12 04:01:13,1,1930,Instruct,full,8,0.001,0.0009997309674863424,4,1,4,mudamw,1,6.130529880523682,0.9846009454617889
2025-11-12 04:02:16,1,1940,Instruct,full,8,0.001,0.0009997276546103698,4,1,4,mudamw,1,6.130169868469238,1.1416729779976362
2025-11-12 04:03:18,1,1950,Instruct,full,8,0.001,0.0009997243214671517,4,1,4,mudamw,1,6.0684733390808105,0.9214928434981093
2025-11-12 04:04:21,1,1960,Instruct,full,8,0.001,0.0009997209680568237,4,1,4,mudamw,1,6.010348796844482,0.9843803332362672
2025-11-12 04:05:25,1,1970,Instruct,full,8,0.001,0.0009997175943795213,4,1,4,mudamw,1,6.442313194274902,1.8566989097318485
2025-11-12 04:06:26,1,1980,Instruct,full,8,0.001,0.0009997142004353823,4,1,4,mudamw,1,6.226239204406738,1.1805652622093032
2025-11-12 04:07:29,1,1990,Instruct,full,8,0.001,0.000999710786224544,4,1,4,mudamw,1,6.062468528747559,0.9340808899433977
2025-11-12 04:08:31,1,2000,Instruct,full,8,0.001,0.000999707351747145,4,1,4,mudamw,1,5.999639511108398,1.1534078089447286
2025-11-12 04:09:34,1,2010,Instruct,full,8,0.001,0.000999703897003325,4,1,4,mudamw,1,6.238968372344971,1.1706632427401227
2025-11-12 04:10:36,1,2020,Instruct,full,8,0.001,0.0009997004219932236,4,1,4,mudamw,1,5.839434623718262,1.2776396091273887
2025-11-12 04:11:39,1,2030,Instruct,full,8,0.001,0.0009996969267169827,4,1,4,mudamw,1,6.264036178588867,1.4760445434741973
2025-11-12 04:12:42,1,2040,Instruct,full,8,0.001,0.0009996934111747438,4,1,4,mudamw,1,6.180009841918945,1.2508427352994766
2025-11-12 04:13:44,1,2050,Instruct,full,8,0.001,0.0009996898753666496,4,1,4,mudamw,1,5.9993157386779785,1.3581563409493056
2025-11-12 04:14:46,1,2060,Instruct,full,8,0.001,0.0009996863192928437,4,1,4,mudamw,1,5.914312362670898,1.1839122768825143
2025-11-12 04:15:49,1,2070,Instruct,full,8,0.001,0.0009996827429534707,4,1,4,mudamw,1,5.791706085205078,1.0353930435406815
2025-11-12 04:16:52,1,2080,Instruct,full,8,0.001,0.0009996791463486752,4,1,4,mudamw,1,6.0863518714904785,0.9514479787396177
2025-11-12 04:17:53,1,2090,Instruct,full,8,0.001,0.0009996755294786038,4,1,4,mudamw,1,6.38067102432251,0.9849707321551555
2025-11-12 04:18:44,1,2100,Instruct,full,8,0.001,0.0009996718923434029,4,1,4,mudamw,1,6.110302925109863,0.9623461222644665
2025-11-12 04:19:42,1,2110,Instruct,full,8,0.001,0.0009996682349432207,4,1,4,mudamw,1,5.984177589416504,1.1573272875988019
2025-11-12 04:20:38,1,2120,Instruct,full,8,0.001,0.000999664557278205,4,1,4,mudamw,1,5.946491241455078,1.0429026376078006
2025-11-12 04:21:30,1,2130,Instruct,full,8,0.001,0.0009996608593485056,4,1,4,mudamw,1,6.137790679931641,1.3801325613306492
2025-11-12 04:22:32,1,2140,Instruct,full,8,0.001,0.0009996571411542724,4,1,4,mudamw,1,6.178203105926514,1.2976629158770066
2025-11-12 04:23:35,1,2150,Instruct,full,8,0.001,0.0009996534026956564,4,1,4,mudamw,1,6.137845516204834,1.1431992379315192
2025-11-12 04:24:38,1,2160,Instruct,full,8,0.001,0.0009996496439728096,4,1,4,mudamw,1,6.281455039978027,1.0611482626614217
2025-11-12 04:25:40,1,2170,Instruct,full,8,0.001,0.0009996458649858843,4,1,4,mudamw,1,5.9778733253479,0.88914072029496
2025-11-12 04:26:43,1,2180,Instruct,full,8,0.001,0.000999642065735034,4,1,4,mudamw,1,6.4971842765808105,0.9639903331922219
2025-11-12 04:27:46,1,2190,Instruct,full,8,0.001,0.0009996382462204127,4,1,4,mudamw,1,6.148789405822754,1.0739657634522488
2025-11-12 04:28:49,1,2200,Instruct,full,8,0.001,0.000999634406442176,4,1,4,mudamw,1,6.324825286865234,1.0921736919144243
2025-11-12 04:29:52,1,2210,Instruct,full,8,0.001,0.0009996305464004794,4,1,4,mudamw,1,6.083504676818848,1.0229400603797605
2025-11-12 04:30:54,1,2220,Instruct,full,8,0.001,0.0009996266660954795,4,1,4,mudamw,1,6.124975204467773,0.9207237832155147
2025-11-12 04:31:57,1,2230,Instruct,full,8,0.001,0.0009996227655273342,4,1,4,mudamw,1,6.386883735656738,1.0136069456231118
2025-11-12 04:32:59,1,2240,Instruct,full,8,0.001,0.0009996188446962017,4,1,4,mudamw,1,6.376373291015625,0.9148458416334285
2025-11-12 04:34:02,1,2250,Instruct,full,8,0.001,0.0009996149036022412,4,1,4,mudamw,1,5.81466817855835,0.9581248770536632
2025-11-12 04:35:05,1,2260,Instruct,full,8,0.001,0.0009996109422456126,4,1,4,mudamw,1,5.673354148864746,1.0039077642052485
2025-11-12 04:36:07,1,2270,Instruct,full,8,0.001,0.0009996069606264767,4,1,4,mudamw,1,6.00078010559082,1.043869803762936
2025-11-12 04:37:10,1,2280,Instruct,full,8,0.001,0.0009996029587449951,4,1,4,mudamw,1,6.139331817626953,0.8510275699012495
2025-11-12 04:38:01,1,2290,Instruct,full,8,0.001,0.0009995989366013305,4,1,4,mudamw,1,5.9487810134887695,0.9857061400790182
2025-11-12 04:38:58,1,2300,Instruct,full,8,0.001,0.000999594894195646,4,1,4,mudamw,1,6.146604061126709,1.1932144768801092
2025-11-12 04:40:02,1,2310,Instruct,full,8,0.001,0.000999590831528106,4,1,4,mudamw,1,6.082617282867432,0.9785524849745003
2025-11-12 04:41:05,1,2320,Instruct,full,8,0.001,0.000999586748598875,4,1,4,mudamw,1,6.452016830444336,0.9504293035623047
2025-11-12 04:42:08,1,2330,Instruct,full,8,0.001,0.0009995826454081188,4,1,4,mudamw,1,6.395868301391602,1.1852191117320314
2025-11-12 04:43:10,1,2340,Instruct,full,8,0.001,0.0009995785219560046,4,1,4,mudamw,1,5.954108715057373,1.0737781850875547
2025-11-12 04:44:12,1,2350,Instruct,full,8,0.001,0.000999574378242699,4,1,4,mudamw,1,6.312521457672119,0.9351588735416604
2025-11-12 04:45:15,1,2360,Instruct,full,8,0.001,0.0009995702142683706,4,1,4,mudamw,1,5.962575912475586,0.9414695003552557
2025-11-12 04:46:17,1,2370,Instruct,full,8,0.001,0.0009995660300331883,4,1,4,mudamw,1,6.29213285446167,0.9668345385524093
2025-11-12 04:47:18,1,2380,Instruct,full,8,0.001,0.0009995618255373223,4,1,4,mudamw,1,6.178008556365967,1.0743575108212722
2025-11-12 04:48:22,1,2390,Instruct,full,8,0.001,0.000999557600780943,4,1,4,mudamw,1,6.035507678985596,1.252094155700558
2025-11-12 04:49:25,1,2400,Instruct,full,8,0.001,0.0009995533557642221,4,1,4,mudamw,1,6.136276721954346,1.254984734046864
2025-11-12 04:50:20,1,2410,Instruct,full,8,0.001,0.0009995490904873316,4,1,4,mudamw,1,5.913569450378418,1.2796735099792222
2025-11-12 04:51:11,1,2420,Instruct,full,8,0.001,0.000999544804950445,4,1,4,mudamw,1,6.103918075561523,1.1043526103854564
2025-11-12 04:52:14,1,2430,Instruct,full,8,0.001,0.000999540499153736,4,1,4,mudamw,1,6.19384765625,0.9822795907392677
2025-11-12 04:53:17,1,2440,Instruct,full,8,0.001,0.0009995361730973796,4,1,4,mudamw,1,6.461745738983154,0.9389927651958909
2025-11-12 04:54:20,1,2450,Instruct,full,8,0.001,0.0009995318267815515,4,1,4,mudamw,1,5.877129554748535,0.9449088774541804
2025-11-12 04:55:22,1,2460,Instruct,full,8,0.001,0.0009995274602064281,4,1,4,mudamw,1,6.251752853393555,1.031914289911226
2025-11-12 04:56:23,1,2470,Instruct,full,8,0.001,0.0009995230733721864,4,1,4,mudamw,1,5.787680625915527,0.9853934272781327
2025-11-12 04:57:13,1,2480,Instruct,full,8,0.001,0.0009995186662790046,4,1,4,mudamw,1,6.17659854888916,0.9077724113686468
2025-11-12 04:58:11,1,2490,Instruct,full,8,0.001,0.0009995142389270621,4,1,4,mudamw,1,6.069579601287842,0.8335540348315587
2025-11-12 04:59:13,1,2500,Instruct,full,8,0.001,0.000999509791316538,4,1,4,mudamw,1,6.070882797241211,0.9964291481797917
2025-11-12 05:00:16,1,2510,Instruct,full,8,0.001,0.000999505323447613,4,1,4,mudamw,1,6.049777030944824,0.9989326368938621
2025-11-12 05:01:19,1,2520,Instruct,full,8,0.001,0.0009995008353204688,4,1,4,mudamw,1,6.082560062408447,1.2427355236497981
2025-11-12 05:02:22,1,2530,Instruct,full,8,0.001,0.0009994963269352875,4,1,4,mudamw,1,6.252597332000732,0.9448671851953543
2025-11-12 05:03:25,1,2540,Instruct,full,8,0.001,0.0009994917982922517,4,1,4,mudamw,1,5.973859786987305,0.9607542501192639
2025-11-12 05:04:28,1,2550,Instruct,full,8,0.001,0.000999487249391546,4,1,4,mudamw,1,5.8512091636657715,0.9974929123822004
2025-11-12 05:05:30,1,2560,Instruct,full,8,0.001,0.0009994826802333541,4,1,4,mudamw,1,5.786664009094238,0.9527806428228348
2025-11-12 05:06:33,1,2570,Instruct,full,8,0.001,0.0009994780908178624,4,1,4,mudamw,1,6.095171928405762,0.9427924607133088
2025-11-12 05:07:35,1,2580,Instruct,full,8,0.001,0.000999473481145257,4,1,4,mudamw,1,6.033778190612793,0.8901031057309254
2025-11-12 05:08:38,1,2590,Instruct,full,8,0.001,0.0009994688512157245,4,1,4,mudamw,1,6.033937454223633,1.1457570127120436
2025-11-12 05:09:40,1,2600,Instruct,full,8,0.001,0.0009994642010294535,4,1,4,mudamw,1,6.341950416564941,1.1522704769138146
2025-11-12 05:10:43,1,2610,Instruct,full,8,0.001,0.0009994595305866324,4,1,4,mudamw,1,5.833037376403809,1.0329984310983868
2025-11-12 05:11:46,1,2620,Instruct,full,8,0.001,0.0009994548398874514,4,1,4,mudamw,1,6.284748077392578,1.1784942911503873
2025-11-12 05:12:48,1,2630,Instruct,full,8,0.001,0.0009994501289321,4,1,4,mudamw,1,6.164997577667236,1.1293186422342225
2025-11-12 05:13:51,1,2640,Instruct,full,8,0.001,0.00099944539772077,4,1,4,mudamw,1,6.228762149810791,0.9500682432304276
2025-11-12 05:14:48,1,2650,Instruct,full,8,0.001,0.0009994406462536535,4,1,4,mudamw,1,6.202732563018799,1.0345774591515462
2025-11-12 05:15:38,1,2660,Instruct,full,8,0.001,0.0009994358745309434,4,1,4,mudamw,1,5.627463340759277,1.0058658335046575
2025-11-12 05:16:41,1,2670,Instruct,full,8,0.001,0.0009994310825528333,4,1,4,mudamw,1,6.108829975128174,0.8961359801363603
2025-11-12 05:17:44,1,2680,Instruct,full,8,0.001,0.0009994262703195175,4,1,4,mudamw,1,6.093021392822266,1.0122909726995448
2025-11-12 05:18:48,1,2690,Instruct,full,8,0.001,0.000999421437831192,4,1,4,mudamw,1,5.6798200607299805,1.3784040768138286
2025-11-12 05:19:50,1,2700,Instruct,full,8,0.001,0.0009994165850880524,4,1,4,mudamw,1,6.043033123016357,0.8835369253426706
2025-11-12 05:20:43,1,2710,Instruct,full,8,0.001,0.000999411712090296,4,1,4,mudamw,1,6.067340850830078,1.0750739009176666
2025-11-12 05:21:37,1,2720,Instruct,full,8,0.001,0.0009994068188381206,4,1,4,mudamw,1,6.396008491516113,0.9046277585146729
2025-11-12 05:22:40,1,2730,Instruct,full,8,0.001,0.0009994019053317245,4,1,4,mudamw,1,6.154506683349609,1.048034308452791
2025-11-12 05:23:43,1,2740,Instruct,full,8,0.001,0.0009993969715713078,4,1,4,mudamw,1,6.092870235443115,0.9394708539800755
2025-11-12 05:24:45,1,2750,Instruct,full,8,0.001,0.0009993920175570704,4,1,4,mudamw,1,5.899321556091309,1.1846598701345177
2025-11-12 05:25:47,1,2760,Instruct,full,8,0.001,0.0009993870432892134,4,1,4,mudamw,1,5.5274834632873535,0.9819303714209944
2025-11-12 05:26:50,1,2770,Instruct,full,8,0.001,0.000999382048767939,4,1,4,mudamw,1,5.976739883422852,0.9833334485761381
2025-11-12 05:27:53,1,2780,Instruct,full,8,0.001,0.0009993770339934496,4,1,4,mudamw,1,5.783682823181152,0.9298255705238414
2025-11-12 05:28:56,1,2790,Instruct,full,8,0.001,0.0009993719989659492,4,1,4,mudamw,1,5.860304355621338,0.9848744234560302
2025-11-12 05:29:57,1,2800,Instruct,full,8,0.001,0.0009993669436856418,4,1,4,mudamw,1,5.845950603485107,0.998754064862771
2025-11-12 05:31:00,1,2810,Instruct,full,8,0.001,0.000999361868152733,4,1,4,mudamw,1,6.208472728729248,0.9182643471470143
2025-11-12 05:32:02,1,2820,Instruct,full,8,0.001,0.0009993567723674286,4,1,4,mudamw,1,5.800044536590576,0.915182241744662
2025-11-12 05:33:05,1,2830,Instruct,full,8,0.001,0.0009993516563299354,4,1,4,mudamw,1,6.075830459594727,1.131785527704861
2025-11-12 05:34:04,1,2840,Instruct,full,8,0.001,0.0009993465200404613,4,1,4,mudamw,1,6.129815101623535,1.546000930614447
2025-11-12 05:34:55,1,2850,Instruct,full,8,0.001,0.000999341363499215,4,1,4,mudamw,1,5.938999652862549,0.872153986667535
2025-11-12 05:35:57,1,2860,Instruct,full,8,0.001,0.0009993361867064053,4,1,4,mudamw,1,5.675673961639404,1.1638391624062463
2025-11-12 05:37:00,1,2870,Instruct,full,8,0.001,0.000999330989662243,4,1,4,mudamw,1,6.024991989135742,0.9357950974408173
2025-11-12 05:38:02,1,2880,Instruct,full,8,0.001,0.0009993257723669385,4,1,4,mudamw,1,5.854206562042236,1.0095951246948316
2025-11-12 05:39:05,1,2890,Instruct,full,8,0.001,0.0009993205348207042,4,1,4,mudamw,1,5.623692989349365,0.8732016592143064
2025-11-12 05:40:07,1,2900,Instruct,full,8,0.001,0.000999315277023752,4,1,4,mudamw,1,6.116123199462891,1.2154534899990934
2025-11-12 05:41:08,1,2910,Instruct,full,8,0.001,0.0009993099989762959,4,1,4,mudamw,1,6.160889148712158,0.9494603935036038
2025-11-12 05:42:12,1,2920,Instruct,full,8,0.001,0.0009993047006785498,4,1,4,mudamw,1,5.849399566650391,0.8377335141377499
2025-11-12 05:43:16,1,2930,Instruct,full,8,0.001,0.0009992993821307293,4,1,4,mudamw,1,5.722440719604492,0.9351538638616652
2025-11-12 05:44:19,1,2940,Instruct,full,8,0.001,0.00099929404333305,4,1,4,mudamw,1,5.906994819641113,1.0170263081191762
2025-11-12 05:45:21,1,2950,Instruct,full,8,0.001,0.0009992886842857286,4,1,4,mudamw,1,6.03620719909668,0.9316722750470177
2025-11-12 05:46:24,1,2960,Instruct,full,8,0.001,0.000999283304988983,4,1,4,mudamw,1,5.620383262634277,1.0303248346200966
2025-11-12 05:47:25,1,2970,Instruct,full,8,0.001,0.000999277905443031,4,1,4,mudamw,1,5.821898937225342,0.9135852783145918
2025-11-12 05:48:28,1,2980,Instruct,full,8,0.001,0.000999272485648092,4,1,4,mudamw,1,5.774319171905518,0.9027264599736551
2025-11-12 05:49:27,1,2990,Instruct,full,8,0.001,0.0009992670456043867,4,1,4,mudamw,1,5.819556713104248,1.026258835787956
2025-11-12 05:50:17,1,3000,Instruct,full,8,0.001,0.000999261585312135,4,1,4,mudamw,1,5.729548454284668,1.1702295430887375
2025-11-12 05:51:19,1,3010,Instruct,full,8,0.001,0.000999256104771559,4,1,4,mudamw,1,6.2289347648620605,0.9814253766628375
2025-11-12 05:52:22,1,3020,Instruct,full,8,0.001,0.0009992506039828814,4,1,4,mudamw,1,5.550530433654785,1.0253209589731878
2025-11-12 05:53:18,1,3030,Instruct,full,8,0.001,0.0009992450829463249,4,1,4,mudamw,1,5.709956169128418,0.9119872885774643
2025-11-12 05:54:09,1,3040,Instruct,full,8,0.001,0.0009992395416621143,4,1,4,mudamw,1,5.997293949127197,0.955949770759226
2025-11-12 05:55:12,1,3050,Instruct,full,8,0.001,0.0009992339801304744,4,1,4,mudamw,1,5.647261142730713,1.095867469447966
2025-11-12 05:56:14,1,3060,Instruct,full,8,0.001,0.0009992283983516308,4,1,4,mudamw,1,5.698642253875732,0.9341803760304468
2025-11-12 05:57:17,1,3070,Instruct,full,8,0.001,0.00099922279632581,4,1,4,mudamw,1,6.006246566772461,0.9948304248750158
2025-11-12 05:58:19,1,3080,Instruct,full,8,0.001,0.0009992171740532396,4,1,4,mudamw,1,6.064295291900635,1.1132684713245695
2025-11-12 05:59:21,1,3090,Instruct,full,8,0.001,0.0009992115315341481,4,1,4,mudamw,1,5.860867977142334,0.9950879506683608
2025-11-12 06:00:24,1,3100,Instruct,full,8,0.001,0.000999205868768764,4,1,4,mudamw,1,5.776873588562012,1.1492437659620516
2025-11-12 06:01:26,1,3110,Instruct,full,8,0.001,0.0009992001857573177,4,1,4,mudamw,1,5.728562355041504,0.8923442785013344
2025-11-12 06:02:29,1,3120,Instruct,full,8,0.001,0.0009991944825000396,4,1,4,mudamw,1,5.765512943267822,0.9546847971741045
2025-11-12 06:03:32,1,3130,Instruct,full,8,0.001,0.0009991887589971618,4,1,4,mudamw,1,5.684189796447754,0.9779731496737574
2025-11-12 06:04:34,1,3140,Instruct,full,8,0.001,0.000999183015248916,4,1,4,mudamw,1,5.866074085235596,0.9257679225981457
2025-11-12 06:05:38,1,3150,Instruct,full,8,0.001,0.0009991772512555352,4,1,4,mudamw,1,5.9566826820373535,0.9334964476985171
2025-11-12 06:06:41,1,3160,Instruct,full,8,0.001,0.0009991714670172542,4,1,4,mudamw,1,6.190877914428711,0.9017610625755296
2025-11-12 06:07:44,1,3170,Instruct,full,8,0.001,0.0009991656625343074,4,1,4,mudamw,1,5.698793888092041,0.9483490734502404
2025-11-12 06:08:47,1,3180,Instruct,full,8,0.001,0.0009991598378069303,4,1,4,mudamw,1,5.875742435455322,0.928121973632565
2025-11-12 06:09:49,1,3190,Instruct,full,8,0.001,0.0009991539928353597,4,1,4,mudamw,1,5.778500556945801,0.969427615971535
2025-11-12 06:10:50,1,3200,Instruct,full,8,0.001,0.0009991481276198327,4,1,4,mudamw,1,5.641133785247803,1.0582423639542309
2025-11-12 06:11:40,1,3210,Instruct,full,8,0.001,0.0009991422421605875,4,1,4,mudamw,1,5.785030841827393,0.92261106224215
2025-11-12 06:12:40,1,3220,Instruct,full,8,0.001,0.000999136336457863,4,1,4,mudamw,1,5.916130065917969,1.097176602995492
2025-11-12 06:13:43,1,3230,Instruct,full,8,0.001,0.0009991304105118988,4,1,4,mudamw,1,5.7432684898376465,0.8749403513982342
2025-11-12 06:14:46,1,3240,Instruct,full,8,0.001,0.0009991244643229357,4,1,4,mudamw,1,5.827333927154541,1.107340245223494
2025-11-12 06:15:48,1,3250,Instruct,full,8,0.001,0.000999118497891215,4,1,4,mudamw,1,5.71026086807251,0.9597247180945844
2025-11-12 06:16:50,1,3260,Instruct,full,8,0.001,0.0009991125112169788,4,1,4,mudamw,1,5.904603958129883,1.0722212388954702
2025-11-12 06:17:52,1,3270,Instruct,full,8,0.001,0.0009991065043004703,4,1,4,mudamw,1,5.900310039520264,0.955059218130522
2025-11-12 06:18:55,1,3280,Instruct,full,8,0.001,0.0009991004771419335,4,1,4,mudamw,1,5.654994964599609,1.0595460011552527
2025-11-12 06:19:51,1,3290,Instruct,full,8,0.001,0.0009990944297416128,4,1,4,mudamw,1,6.063121795654297,0.9412206859798757
2025-11-12 06:20:42,1,3300,Instruct,full,8,0.001,0.0009990883620997538,4,1,4,mudamw,1,5.6236348152160645,1.006211697934174
2025-11-12 06:21:44,1,3310,Instruct,full,8,0.001,0.000999082274216603,4,1,4,mudamw,1,6.140336513519287,0.9849476741371532
2025-11-12 06:22:48,1,3320,Instruct,full,8,0.001,0.0009990761660924074,4,1,4,mudamw,1,5.895779132843018,0.9167548509364126
2025-11-12 06:23:50,1,3330,Instruct,full,8,0.001,0.0009990700377274148,4,1,4,mudamw,1,5.7131242752075195,1.0068264097233848
2025-11-12 06:24:52,1,3340,Instruct,full,8,0.001,0.0009990638891218743,4,1,4,mudamw,1,5.963695526123047,0.8636992637397397
2025-11-12 06:25:54,1,3350,Instruct,full,8,0.001,0.0009990577202760355,4,1,4,mudamw,1,5.56592321395874,1.061737180510296
2025-11-12 06:26:56,1,3360,Instruct,full,8,0.001,0.0009990515311901484,4,1,4,mudamw,1,6.067946434020996,1.0609805448160154
2025-11-12 06:27:58,1,3370,Instruct,full,8,0.001,0.0009990453218644648,4,1,4,mudamw,1,5.775920391082764,0.9760505429641904
2025-11-12 06:29:00,1,3380,Instruct,full,8,0.001,0.0009990390922992366,4,1,4,mudamw,1,5.929414749145508,1.2573439745507773
2025-11-12 06:30:00,1,3390,Instruct,full,8,0.001,0.0009990328424947165,4,1,4,mudamw,1,5.968845367431641,0.9296385416425773
2025-11-12 06:30:50,1,3400,Instruct,full,8,0.001,0.0009990265724511586,4,1,4,mudamw,1,5.849292755126953,0.9642756847129813
2025-11-12 06:31:51,1,3410,Instruct,full,8,0.001,0.0009990202821688172,4,1,4,mudamw,1,5.774771690368652,1.1719310143538222
2025-11-12 06:32:53,1,3420,Instruct,full,8,0.001,0.0009990139716479476,4,1,4,mudamw,1,6.0025482177734375,0.8865474595654691
2025-11-12 06:33:56,1,3430,Instruct,full,8,0.001,0.0009990076408888063,4,1,4,mudamw,1,5.965219497680664,0.9260555665396183
2025-11-12 06:34:58,1,3440,Instruct,full,8,0.001,0.00099900128989165,4,1,4,mudamw,1,5.563706874847412,0.9349804294045647
2025-11-12 06:36:00,1,3450,Instruct,full,8,0.001,0.0009989949186567366,4,1,4,mudamw,1,5.654353141784668,1.0416326922912373
2025-11-12 06:37:03,1,3460,Instruct,full,8,0.001,0.0009989885271843248,4,1,4,mudamw,1,5.477464199066162,1.05358198559123
2025-11-12 06:38:05,1,3470,Instruct,full,8,0.001,0.0009989821154746741,4,1,4,mudamw,1,5.546128749847412,1.0276165791019936
2025-11-12 06:39:08,1,3480,Instruct,full,8,0.001,0.0009989756835280447,4,1,4,mudamw,1,5.854392051696777,0.9290546673215587
2025-11-12 06:40:10,1,3490,Instruct,full,8,0.001,0.000998969231344698,4,1,4,mudamw,1,5.683534622192383,1.023760132010611
2025-11-12 06:41:13,1,3500,Instruct,full,8,0.001,0.0009989627589248955,4,1,4,mudamw,1,5.548503875732422,0.9274906683036184
2025-11-12 06:42:15,1,3510,Instruct,full,8,0.001,0.0009989562662689004,4,1,4,mudamw,1,5.8615803718566895,0.8683164434632475
2025-11-12 06:43:17,1,3520,Instruct,full,8,0.001,0.000998949753376976,4,1,4,mudamw,1,5.7258477210998535,0.9304847107095106
2025-11-12 06:44:20,1,3530,Instruct,full,8,0.001,0.0009989432202493866,4,1,4,mudamw,1,5.514275550842285,0.9132431318598676
2025-11-12 06:45:22,1,3540,Instruct,full,8,0.001,0.0009989366668863978,4,1,4,mudamw,1,6.08310079574585,0.9639175300914297
2025-11-12 06:46:24,1,3550,Instruct,full,8,0.001,0.0009989300932882754,4,1,4,mudamw,1,5.919895648956299,0.9065464913411162
2025-11-12 06:47:27,1,3560,Instruct,full,8,0.001,0.0009989234994552865,4,1,4,mudamw,1,5.881957054138184,0.9255863301653261
2025-11-12 06:48:18,1,3570,Instruct,full,8,0.001,0.0009989168853876984,4,1,4,mudamw,1,5.824263095855713,1.0123529101111108
2025-11-12 06:49:12,1,3580,Instruct,full,8,0.001,0.00099891025108578,4,1,4,mudamw,1,5.539004325866699,0.843316990104435
2025-11-12 06:50:01,1,3590,Instruct,full,8,0.001,0.0009989035965498002,4,1,4,mudamw,1,5.869986534118652,0.8490391128098802
2025-11-12 06:51:02,1,3600,Instruct,full,8,0.001,0.0009988969217800297,4,1,4,mudamw,1,5.655856132507324,1.0600101911283524
2025-11-12 06:52:05,1,3610,Instruct,full,8,0.001,0.000998890226776739,4,1,4,mudamw,1,5.89342737197876,0.8266372680252162
2025-11-12 06:53:08,1,3620,Instruct,full,8,0.001,0.0009988835115402003,4,1,4,mudamw,1,5.851510047912598,0.86962973044002
2025-11-12 06:54:11,1,3630,Instruct,full,8,0.001,0.000998876776070686,4,1,4,mudamw,1,5.739886283874512,0.9169150583947598
2025-11-12 06:55:13,1,3640,Instruct,full,8,0.001,0.0009988700203684693,4,1,4,mudamw,1,5.716264247894287,0.8697094709664611
2025-11-12 06:56:16,1,3650,Instruct,full,8,0.001,0.000998863244433825,4,1,4,mudamw,1,5.611144065856934,0.9709051837970885
2025-11-12 06:57:19,1,3660,Instruct,full,8,0.001,0.0009988564482670277,4,1,4,mudamw,1,5.6772661209106445,0.9387638912886433
2025-11-12 06:58:20,1,3670,Instruct,full,8,0.001,0.0009988496318683537,4,1,4,mudamw,1,5.733170509338379,0.9220345519322187
2025-11-12 06:59:23,1,3680,Instruct,full,8,0.001,0.0009988427952380792,4,1,4,mudamw,1,5.477419853210449,0.9198340260673311
2025-11-12 07:00:24,1,3690,Instruct,full,8,0.001,0.0009988359383764824,4,1,4,mudamw,1,5.748593807220459,0.9929154613150887
2025-11-12 07:01:27,1,3700,Instruct,full,8,0.001,0.0009988290612838412,4,1,4,mudamw,1,5.709774971008301,0.88348616893287
2025-11-12 07:02:28,1,3710,Instruct,full,8,0.001,0.000998822163960435,4,1,4,mudamw,1,5.734570503234863,0.8367448431862248
2025-11-12 07:03:31,1,3720,Instruct,full,8,0.001,0.0009988152464065437,4,1,4,mudamw,1,5.773350715637207,0.9126367872405186
2025-11-12 07:04:34,1,3730,Instruct,full,8,0.001,0.0009988083086224485,4,1,4,mudamw,1,6.008394718170166,0.8620888722416173
2025-11-12 07:05:37,1,3740,Instruct,full,8,0.001,0.0009988013506084304,4,1,4,mudamw,1,5.897850513458252,0.9000481453193986
2025-11-12 07:06:37,1,3750,Instruct,full,8,0.001,0.0009987943723647724,4,1,4,mudamw,1,5.881657123565674,0.918137868088483
2025-11-12 07:07:27,1,3760,Instruct,full,8,0.001,0.0009987873738917575,4,1,4,mudamw,1,5.951794147491455,0.9090052722047406
2025-11-12 07:08:28,1,3770,Instruct,full,8,0.001,0.00099878035518967,4,1,4,mudamw,1,5.948422908782959,0.8374847967343807
2025-11-12 07:09:30,1,3780,Instruct,full,8,0.001,0.0009987733162587947,4,1,4,mudamw,1,5.804896831512451,0.8964742997441021
2025-11-12 07:10:31,1,3790,Instruct,full,8,0.001,0.0009987662570994174,4,1,4,mudamw,1,5.847082614898682,0.9519647227792569
2025-11-12 07:11:33,1,3800,Instruct,full,8,0.001,0.0009987591777118247,4,1,4,mudamw,1,5.697438716888428,0.9237217600944975
2025-11-12 07:12:37,1,3810,Instruct,full,8,0.001,0.0009987520780963045,4,1,4,mudamw,1,6.062434673309326,1.074280552423653
2025-11-12 07:13:39,1,3820,Instruct,full,8,0.001,0.000998744958253144,4,1,4,mudamw,1,5.712092876434326,0.8515839010186667
2025-11-12 07:14:41,1,3830,Instruct,full,8,0.001,0.000998737818182633,4,1,4,mudamw,1,5.629318714141846,0.8613536031749194
2025-11-12 07:15:44,1,3840,Instruct,full,8,0.001,0.000998730657885061,4,1,4,mudamw,1,5.79884147644043,0.9423926787175716
2025-11-12 07:16:46,1,3850,Instruct,full,8,0.001,0.000998723477360719,4,1,4,mudamw,1,5.7208781242370605,0.870477589397909
2025-11-12 07:17:45,1,3860,Instruct,full,8,0.001,0.0009987162766098984,4,1,4,mudamw,1,5.7155938148498535,0.8228286480657558
2025-11-12 07:18:35,1,3870,Instruct,full,8,0.001,0.0009987090556328913,4,1,4,mudamw,1,5.440459251403809,0.9174292539040189
2025-11-12 07:19:38,1,3880,Instruct,full,8,0.001,0.0009987018144299912,4,1,4,mudamw,1,5.539215564727783,1.0471901554511585
2025-11-12 07:20:40,1,3890,Instruct,full,8,0.001,0.0009986945530014919,4,1,4,mudamw,1,5.903807163238525,0.8818852739753951
2025-11-12 07:21:43,1,3900,Instruct,full,8,0.001,0.000998687271347688,4,1,4,mudamw,1,5.456767559051514,0.9266122551200411
2025-11-12 07:22:45,1,3910,Instruct,full,8,0.001,0.0009986799694688756,4,1,4,mudamw,1,5.347033977508545,0.876019131560464
2025-11-12 07:23:48,1,3920,Instruct,full,8,0.001,0.0009986726473653507,4,1,4,mudamw,1,5.2621965408325195,0.8926706950250436
2025-11-12 07:24:51,1,3930,Instruct,full,8,0.001,0.0009986653050374108,4,1,4,mudamw,1,5.652336597442627,1.0107516855645096
2025-11-12 07:25:47,1,3940,Instruct,full,8,0.001,0.0009986579424853539,4,1,4,mudamw,1,5.381437301635742,0.9378439170598483
2025-11-12 07:26:38,1,3950,Instruct,full,8,0.001,0.0009986505597094789,4,1,4,mudamw,1,5.886862277984619,0.9098279871862339
2025-11-12 07:27:41,1,3960,Instruct,full,8,0.001,0.0009986431567100852,4,1,4,mudamw,1,5.542520999908447,0.7875149806488511
2025-11-12 07:28:43,1,3970,Instruct,full,8,0.001,0.000998635733487474,4,1,4,mudamw,1,5.719570159912109,0.84861765933187
2025-11-12 07:29:46,1,3980,Instruct,full,8,0.001,0.000998628290041946,4,1,4,mudamw,1,5.546037673950195,0.9974140869524264
2025-11-12 07:30:47,1,3990,Instruct,full,8,0.001,0.000998620826373804,4,1,4,mudamw,1,5.19500207901001,0.9438343369940736
2025-11-12 07:31:49,1,4000,Instruct,full,8,0.001,0.0009986133424833507,4,1,4,mudamw,1,5.615533351898193,0.9176802025114257
2025-11-12 07:32:51,1,4010,Instruct,full,8,0.001,0.0009986058383708897,4,1,4,mudamw,1,5.3471903800964355,0.8504493015176405
2025-11-12 07:33:53,1,4020,Instruct,full,8,0.001,0.000998598314036726,4,1,4,mudamw,1,5.799497127532959,0.963768634161306
2025-11-12 07:34:55,1,4030,Instruct,full,8,0.001,0.000998590769481165,4,1,4,mudamw,1,5.693175792694092,0.8923880815480626
2025-11-12 07:35:57,1,4040,Instruct,full,8,0.001,0.0009985832047045128,4,1,4,mudamw,1,5.840963840484619,0.8782047040293882
2025-11-12 07:36:59,1,4050,Instruct,full,8,0.001,0.0009985756197070767,4,1,4,mudamw,1,5.690928936004639,1.0615060165108765
2025-11-12 07:38:01,1,4060,Instruct,full,8,0.001,0.0009985680144891645,4,1,4,mudamw,1,5.797243118286133,0.857236747844191
2025-11-12 07:39:04,1,4070,Instruct,full,8,0.001,0.000998560389051085,4,1,4,mudamw,1,5.836500644683838,0.8476050823692295
2025-11-12 07:40:06,1,4080,Instruct,full,8,0.001,0.0009985527433931478,4,1,4,mudamw,1,5.407978534698486,1.1308986779748147
2025-11-12 07:41:08,1,4090,Instruct,full,8,0.001,0.0009985450775156634,4,1,4,mudamw,1,5.640754222869873,0.8657458067710739
2025-11-12 07:42:12,1,4100,Instruct,full,8,0.001,0.0009985373914189427,4,1,4,mudamw,1,6.0582594871521,0.8690441136161593
2025-11-12 07:43:10,1,4110,Instruct,full,8,0.001,0.000998529685103298,4,1,4,mudamw,1,5.693216800689697,1.0159179842945327
2025-11-12 07:44:00,1,4120,Instruct,full,8,0.001,0.0009985219585690423,4,1,4,mudamw,1,5.645810127258301,0.8023981698147191
2025-11-12 07:45:03,1,4130,Instruct,full,8,0.001,0.0009985142118164889,4,1,4,mudamw,1,5.5683674812316895,0.8270256757339479
2025-11-12 07:46:05,1,4140,Instruct,full,8,0.001,0.0009985064448459523,4,1,4,mudamw,1,5.564168930053711,1.0210425535482561
2025-11-12 07:47:08,1,4150,Instruct,full,8,0.001,0.0009984986576577481,4,1,4,mudamw,1,5.840815544128418,0.9325725028291751
2025-11-12 07:47:59,1,4160,Instruct,full,8,0.001,0.0009984908502521923,4,1,4,mudamw,1,5.583680152893066,0.8221159257484536
2025-11-12 07:48:55,1,4170,Instruct,full,8,0.001,0.0009984830226296018,4,1,4,mudamw,1,5.506799697875977,0.8638987392689738
2025-11-12 07:49:58,1,4180,Instruct,full,8,0.001,0.0009984751747902946,4,1,4,mudamw,1,5.782627105712891,0.8258023563897555
2025-11-12 07:51:00,1,4190,Instruct,full,8,0.001,0.000998467306734589,4,1,4,mudamw,1,5.724646091461182,0.9440671481092183
2025-11-12 07:52:02,1,4200,Instruct,full,8,0.001,0.0009984594184628045,4,1,4,mudamw,1,5.48905086517334,0.9012678432093322
2025-11-12 07:53:03,1,4210,Instruct,full,8,0.001,0.0009984515099752617,4,1,4,mudamw,1,6.036972999572754,0.905760343467483
2025-11-12 07:54:06,1,4220,Instruct,full,8,0.001,0.000998443581272281,4,1,4,mudamw,1,5.911493301391602,0.8913123786515676
2025-11-12 07:55:08,1,4230,Instruct,full,8,0.001,0.0009984356323541848,4,1,4,mudamw,1,5.444005966186523,0.8639644868230945
2025-11-12 07:56:10,1,4240,Instruct,full,8,0.001,0.0009984276632212959,4,1,4,mudamw,1,5.77331018447876,0.9267787829356524
2025-11-12 07:57:11,1,4250,Instruct,full,8,0.001,0.0009984196738739373,4,1,4,mudamw,1,5.758894920349121,0.8041764669725615
2025-11-12 07:58:12,1,4260,Instruct,full,8,0.001,0.0009984116643124337,4,1,4,mudamw,1,5.508251667022705,0.8854868370320581
2025-11-12 07:59:15,1,4270,Instruct,full,8,0.001,0.0009984036345371103,4,1,4,mudamw,1,5.671003341674805,0.8533193209871756
2025-11-12 08:00:17,1,4280,Instruct,full,8,0.001,0.0009983955845482928,4,1,4,mudamw,1,5.746323108673096,0.8730067850998914
2025-11-12 08:01:20,1,4290,Instruct,full,8,0.001,0.0009983875143463083,4,1,4,mudamw,1,5.505805492401123,0.8363466376907719
2025-11-12 08:02:17,1,4300,Instruct,full,8,0.001,0.0009983794239314843,4,1,4,mudamw,1,5.64438009262085,0.8513103800222533
2025-11-12 08:03:09,1,4310,Instruct,full,8,0.001,0.0009983713133041492,4,1,4,mudamw,1,5.273944854736328,0.8663108344060769
2025-11-12 08:04:14,1,4320,Instruct,full,8,0.001,0.0009983631824646323,4,1,4,mudamw,1,5.770074844360352,0.8520200136907021
2025-11-12 08:05:18,1,4330,Instruct,full,8,0.001,0.000998355031413264,4,1,4,mudamw,1,5.91341495513916,0.845667268645399
2025-11-12 08:06:23,1,4340,Instruct,full,8,0.001,0.0009983468601503745,4,1,4,mudamw,1,5.582054615020752,0.8476860586066158
2025-11-12 08:07:27,1,4350,Instruct,full,8,0.001,0.0009983386686762963,4,1,4,mudamw,1,5.416512489318848,0.9081456311503436
2025-11-12 08:08:30,1,4360,Instruct,full,8,0.001,0.0009983304569913614,4,1,4,mudamw,1,5.333991050720215,0.8759060878218257
2025-11-12 08:09:35,1,4370,Instruct,full,8,0.001,0.0009983222250959036,4,1,4,mudamw,1,5.50648307800293,0.8919440390332718
2025-11-12 08:10:40,1,4380,Instruct,full,8,0.001,0.0009983139729902567,4,1,4,mudamw,1,5.489815711975098,0.9499057025064392
2025-11-12 08:11:42,1,4390,Instruct,full,8,0.001,0.000998305700674756,4,1,4,mudamw,1,5.329068183898926,0.8489692322778168
2025-11-12 08:12:46,1,4400,Instruct,full,8,0.001,0.000998297408149737,4,1,4,mudamw,1,5.472339153289795,1.0028443579605821
2025-11-12 08:13:50,1,4410,Instruct,full,8,0.001,0.0009982890954155369,4,1,4,mudamw,1,5.651995658874512,0.8621613274976079
2025-11-12 08:14:55,1,4420,Instruct,full,8,0.001,0.0009982807624724925,4,1,4,mudamw,1,5.029848575592041,0.8087910541518092
2025-11-12 08:15:58,1,4430,Instruct,full,8,0.001,0.0009982724093209427,4,1,4,mudamw,1,5.679459571838379,0.9646925441394684
2025-11-12 08:16:56,1,4440,Instruct,full,8,0.001,0.0009982640359612262,4,1,4,mudamw,1,5.7065510749816895,0.8548395936121018
2025-11-12 08:17:47,1,4450,Instruct,full,8,0.001,0.0009982556423936831,4,1,4,mudamw,1,5.661068916320801,0.819111658347469
2025-11-12 08:18:52,1,4460,Instruct,full,8,0.001,0.0009982472286186545,4,1,4,mudamw,1,5.506887435913086,1.0396859276332506
2025-11-12 08:19:56,1,4470,Instruct,full,8,0.001,0.0009982387946364812,4,1,4,mudamw,1,5.405457496643066,0.7740199272418831
2025-11-12 08:20:59,1,4480,Instruct,full,8,0.001,0.0009982303404475062,4,1,4,mudamw,1,5.502166748046875,0.784859535139765
2025-11-12 08:21:57,1,4490,Instruct,full,8,0.001,0.0009982218660520724,4,1,4,mudamw,1,5.708759784698486,0.7985850797233426
2025-11-12 08:22:49,1,4500,Instruct,full,8,0.001,0.0009982133714505242,4,1,4,mudamw,1,5.75924015045166,0.8889904687313693
2025-11-12 08:23:54,1,4510,Instruct,full,8,0.001,0.000998204856643206,4,1,4,mudamw,1,5.648612976074219,0.8336324610818066
2025-11-12 08:24:58,1,4520,Instruct,full,8,0.001,0.0009981963216304638,4,1,4,mudamw,1,5.930671691894531,0.8051463774351226
2025-11-12 08:26:03,1,4530,Instruct,full,8,0.001,0.000998187766412644,4,1,4,mudamw,1,5.6295552253723145,0.9187237462137452
2025-11-12 08:27:07,1,4540,Instruct,full,8,0.001,0.0009981791909900938,4,1,4,mudamw,1,5.847492694854736,0.8205682859762097
2025-11-12 08:28:12,1,4550,Instruct,full,8,0.001,0.0009981705953631616,4,1,4,mudamw,1,5.7122578620910645,1.0945615343531574
2025-11-12 08:29:17,1,4560,Instruct,full,8,0.001,0.0009981619795321963,4,1,4,mudamw,1,5.682551860809326,0.8487495557493316
2025-11-12 08:30:21,1,4570,Instruct,full,8,0.001,0.0009981533434975474,4,1,4,mudamw,1,5.634174346923828,0.8723253130183605
2025-11-12 08:31:26,1,4580,Instruct,full,8,0.001,0.000998144687259566,4,1,4,mudamw,1,5.4066243171691895,0.886077099537544
2025-11-12 08:32:30,1,4590,Instruct,full,8,0.001,0.0009981360108186027,4,1,4,mudamw,1,5.475818634033203,0.8125276584686875
2025-11-12 08:33:34,1,4600,Instruct,full,8,0.001,0.0009981273141750108,4,1,4,mudamw,1,5.628585338592529,0.854862351535015
2025-11-12 08:34:38,1,4610,Instruct,full,8,0.001,0.0009981185973291426,4,1,4,mudamw,1,5.64040994644165,0.8448980517948801
2025-11-12 08:35:43,1,4620,Instruct,full,8,0.001,0.000998109860281352,4,1,4,mudamw,1,5.635800361633301,0.8838381306075855
2025-11-12 08:36:47,1,4630,Instruct,full,8,0.001,0.0009981011030319941,4,1,4,mudamw,1,5.5505852699279785,0.7819993331754406
2025-11-12 08:37:52,1,4640,Instruct,full,8,0.001,0.0009980923255814241,4,1,4,mudamw,1,5.571528434753418,0.8400102123393627
2025-11-12 08:38:57,1,4650,Instruct,full,8,0.001,0.0009980835279299986,4,1,4,mudamw,1,5.758055210113525,0.8944790377716145
2025-11-12 08:40:00,1,4660,Instruct,full,8,0.001,0.0009980747100780745,4,1,4,mudamw,1,5.343785285949707,0.7704417357626389
2025-11-12 08:40:52,1,4670,Instruct,full,8,0.001,0.0009980658720260098,4,1,4,mudamw,1,5.503260612487793,0.7907566231630112
2025-11-12 08:41:54,1,4680,Instruct,full,8,0.001,0.0009980570137741636,4,1,4,mudamw,1,5.2595415115356445,0.7880648987733082
2025-11-12 08:42:59,1,4690,Instruct,full,8,0.001,0.0009980481353228953,4,1,4,mudamw,1,5.522964954376221,0.8310930616158857
2025-11-12 08:44:03,1,4700,Instruct,full,8,0.001,0.000998039236672565,4,1,4,mudamw,1,5.24831485748291,1.0081048972522544
2025-11-12 08:45:08,1,4710,Instruct,full,8,0.001,0.0009980303178235346,4,1,4,mudamw,1,5.350597381591797,0.9425588820626538
2025-11-12 08:46:13,1,4720,Instruct,full,8,0.001,0.000998021378776166,4,1,4,mudamw,1,5.522923469543457,0.8728735448009332
2025-11-12 08:47:17,1,4730,Instruct,full,8,0.001,0.000998012419530822,4,1,4,mudamw,1,5.498112201690674,0.8304762935586545
2025-11-12 08:48:13,1,4740,Instruct,full,8,0.001,0.000998003440087866,4,1,4,mudamw,1,5.4424943923950195,0.9023434091872145
2025-11-12 08:49:07,1,4750,Instruct,full,8,0.001,0.000997994440447663,4,1,4,mudamw,1,5.731738567352295,0.8446546283020543
2025-11-12 08:50:12,1,4760,Instruct,full,8,0.001,0.0009979854206105783,4,1,4,mudamw,1,5.683413982391357,0.9923588255524461
2025-11-12 08:51:17,1,4770,Instruct,full,8,0.001,0.0009979763805769782,4,1,4,mudamw,1,5.817673683166504,0.8050108581474378
2025-11-12 08:52:21,1,4780,Instruct,full,8,0.001,0.000997967320347229,4,1,4,mudamw,1,5.410392761230469,0.9052717109436574
2025-11-12 08:53:25,1,4790,Instruct,full,8,0.001,0.0009979582399216994,4,1,4,mudamw,1,5.782615661621094,0.8242589899850286
2025-11-12 08:54:30,1,4800,Instruct,full,8,0.001,0.0009979491393007575,4,1,4,mudamw,1,6.014323711395264,0.8559052647327914
2025-11-12 08:55:34,1,4810,Instruct,full,8,0.001,0.0009979400184847729,4,1,4,mudamw,1,5.324755668640137,0.8670708692711634
2025-11-12 08:56:39,1,4820,Instruct,full,8,0.001,0.0009979308774741159,4,1,4,mudamw,1,5.486134052276611,0.8529621527211424
2025-11-12 08:57:43,1,4830,Instruct,full,8,0.001,0.0009979217162691576,4,1,4,mudamw,1,5.454447269439697,0.7864310241310044
2025-11-12 08:58:48,1,4840,Instruct,full,8,0.001,0.00099791253487027,4,1,4,mudamw,1,5.588259696960449,0.8522644532163368
2025-11-12 08:59:50,1,4850,Instruct,full,8,0.001,0.0009979033332778255,4,1,4,mudamw,1,5.797972202301025,0.854390985123887
2025-11-12 09:00:42,1,4860,Instruct,full,8,0.001,0.000997894111492198,4,1,4,mudamw,1,5.31719446182251,0.7797356036498065
2025-11-12 09:01:45,1,4870,Instruct,full,8,0.001,0.000997884869513762,4,1,4,mudamw,1,5.675850868225098,0.8481232455435954
2025-11-12 09:02:49,1,4880,Instruct,full,8,0.001,0.0009978756073428924,4,1,4,mudamw,1,5.522705078125,1.102491106353705
2025-11-12 09:03:54,1,4890,Instruct,full,8,0.001,0.0009978663249799653,4,1,4,mudamw,1,5.329808235168457,0.8627612775675912
2025-11-12 09:04:59,1,4900,Instruct,full,8,0.001,0.0009978570224253574,4,1,4,mudamw,1,5.429246425628662,0.7691993638305182
2025-11-12 09:06:03,1,4910,Instruct,full,8,0.001,0.0009978476996794466,4,1,4,mudamw,1,5.451595783233643,0.8537775654928251
2025-11-12 09:07:09,1,4920,Instruct,full,8,0.001,0.0009978383567426114,4,1,4,mudamw,1,5.688076019287109,0.8012695699569939
2025-11-12 09:08:13,1,4930,Instruct,full,8,0.001,0.0009978289936152308,4,1,4,mudamw,1,5.841042995452881,0.8480086484740191
2025-11-12 09:09:18,1,4940,Instruct,full,8,0.001,0.0009978196102976853,4,1,4,mudamw,1,5.435189247131348,0.7357664248475416
2025-11-12 09:10:23,1,4950,Instruct,full,8,0.001,0.0009978102067903553,4,1,4,mudamw,1,5.431960105895996,0.8780623138069665
2025-11-12 09:11:27,1,4960,Instruct,full,8,0.001,0.000997800783093623,4,1,4,mudamw,1,5.253579616546631,0.8582134382613714
2025-11-12 09:12:32,1,4970,Instruct,full,8,0.001,0.000997791339207871,4,1,4,mudamw,1,5.449373722076416,0.8211946512246423
2025-11-12 09:13:37,1,4980,Instruct,full,8,0.001,0.0009977818751334825,4,1,4,mudamw,1,5.595015048980713,0.8274000953751947
2025-11-12 09:14:41,1,4990,Instruct,full,8,0.001,0.0009977723908708418,4,1,4,mudamw,1,5.7188262939453125,0.8604654317002186
2025-11-12 09:15:47,1,5000,Instruct,full,8,0.001,0.0009977628864203337,4,1,4,mudamw,1,5.526801109313965,0.7904159294507649
2025-11-12 09:16:52,1,5010,Instruct,full,8,0.001,0.0009977533617823446,4,1,4,mudamw,1,5.883054733276367,0.8236794026651225
2025-11-12 09:17:57,1,5020,Instruct,full,8,0.001,0.0009977438169572605,4,1,4,mudamw,1,4.965331077575684,0.7777742851860305
2025-11-12 09:18:50,1,5030,Instruct,full,8,0.001,0.0009977342519454694,4,1,4,mudamw,1,5.419905662536621,0.8116761947493607
2025-11-12 09:19:49,1,5040,Instruct,full,8,0.001,0.0009977246667473595,4,1,4,mudamw,1,5.072973251342773,0.8030898743754823
2025-11-12 09:20:42,1,5050,Instruct,full,8,0.001,0.0009977150613633197,4,1,4,mudamw,1,5.360726833343506,0.8057711343928069
2025-11-12 09:21:43,1,5060,Instruct,full,8,0.001,0.0009977054357937403,4,1,4,mudamw,1,5.568891525268555,1.1489148637257096
2025-11-12 09:22:48,1,5070,Instruct,full,8,0.001,0.0009976957900390117,4,1,4,mudamw,1,5.264795303344727,0.8438779991530868
2025-11-12 09:23:53,1,5080,Instruct,full,8,0.001,0.0009976861240995258,4,1,4,mudamw,1,5.782641887664795,0.8707195051571068
2025-11-12 09:24:58,1,5090,Instruct,full,8,0.001,0.000997676437975675,4,1,4,mudamw,1,5.429412364959717,0.7770259674717835
2025-11-12 09:26:03,1,5100,Instruct,full,8,0.001,0.0009976667316678523,4,1,4,mudamw,1,5.689477920532227,0.7646737190952543
2025-11-12 09:27:08,1,5110,Instruct,full,8,0.001,0.0009976570051764518,4,1,4,mudamw,1,5.233456611633301,1.3450808530625764
2025-11-12 09:28:12,1,5120,Instruct,full,8,0.001,0.0009976472585018687,4,1,4,mudamw,1,5.464710235595703,0.7613525170166817
2025-11-12 09:29:17,1,5130,Instruct,full,8,0.001,0.0009976374916444981,4,1,4,mudamw,1,5.455601692199707,0.8270130129481774
2025-11-12 09:30:21,1,5140,Instruct,full,8,0.001,0.000997627704604737,4,1,4,mudamw,1,5.32763147354126,0.77854887736301
2025-11-12 09:31:25,1,5150,Instruct,full,8,0.001,0.0009976178973829825,4,1,4,mudamw,1,5.644891262054443,0.730936653421861
2025-11-12 09:32:30,1,5160,Instruct,full,8,0.001,0.000997608069979633,4,1,4,mudamw,1,5.226851940155029,0.828005570076498
2025-11-12 09:33:35,1,5170,Instruct,full,8,0.001,0.000997598222395087,4,1,4,mudamw,1,5.067994594573975,0.78388308255349
2025-11-12 09:34:40,1,5180,Instruct,full,8,0.001,0.0009975883546297448,4,1,4,mudamw,1,5.419592380523682,0.7815341974810018
2025-11-12 09:35:44,1,5190,Instruct,full,8,0.001,0.0009975784666840066,4,1,4,mudamw,1,5.170842170715332,0.7691860897743799
2025-11-12 09:36:49,1,5200,Instruct,full,8,0.001,0.0009975685585582742,4,1,4,mudamw,1,5.26601505279541,0.7784689851877512
2025-11-12 09:37:54,1,5210,Instruct,full,8,0.001,0.0009975586302529494,4,1,4,mudamw,1,5.60299015045166,0.8766930652246052
2025-11-12 09:38:53,1,5220,Instruct,full,8,0.001,0.0009975486817684356,4,1,4,mudamw,1,5.192756175994873,0.9226932563887764
2025-11-12 09:39:44,1,5230,Instruct,full,8,0.001,0.0009975387131051364,4,1,4,mudamw,1,5.073719024658203,0.8948228051962284
2025-11-12 09:40:49,1,5240,Instruct,full,8,0.001,0.0009975287242634568,4,1,4,mudamw,1,5.62385892868042,0.7643172494984162
2025-11-12 09:41:54,1,5250,Instruct,full,8,0.001,0.0009975187152438023,4,1,4,mudamw,1,5.2998247146606445,0.8263905288050939
2025-11-12 09:42:59,1,5260,Instruct,full,8,0.001,0.000997508686046579,4,1,4,mudamw,1,5.552917003631592,0.752339100726104
2025-11-12 09:44:03,1,5270,Instruct,full,8,0.001,0.000997498636672194,4,1,4,mudamw,1,5.072036266326904,0.7808580873076557
2025-11-12 09:45:07,1,5280,Instruct,full,8,0.001,0.0009974885671210558,4,1,4,mudamw,1,5.624588489532471,0.7623368828390712
2025-11-12 09:46:11,1,5290,Instruct,full,8,0.001,0.0009974784773935726,4,1,4,mudamw,1,5.6416707038879395,0.801416269409306
2025-11-12 09:47:16,1,5300,Instruct,full,8,0.001,0.0009974683674901545,4,1,4,mudamw,1,5.368870258331299,0.8619552479598169
2025-11-12 09:48:21,1,5310,Instruct,full,8,0.001,0.0009974582374112115,4,1,4,mudamw,1,5.407595634460449,0.7906824722026422
2025-11-12 09:49:20,1,5320,Instruct,full,8,0.001,0.000997448087157155,4,1,4,mudamw,1,5.474385738372803,0.7790423234053844
2025-11-12 09:50:11,1,5330,Instruct,full,8,0.001,0.0009974379167283973,4,1,4,mudamw,1,5.566702365875244,0.8009117217540792
2025-11-12 09:51:16,1,5340,Instruct,full,8,0.001,0.000997427726125351,4,1,4,mudamw,1,5.418577194213867,0.8640561536608606
2025-11-12 09:52:22,1,5350,Instruct,full,8,0.001,0.0009974175153484302,4,1,4,mudamw,1,5.287939071655273,0.8255087593683454
2025-11-12 09:53:27,1,5360,Instruct,full,8,0.001,0.0009974072843980488,4,1,4,mudamw,1,5.3796000480651855,0.7986474942000387
2025-11-12 09:54:32,1,5370,Instruct,full,8,0.001,0.0009973970332746228,4,1,4,mudamw,1,5.295933246612549,0.7500773080131766
2025-11-12 09:55:37,1,5380,Instruct,full,8,0.001,0.000997386761978568,4,1,4,mudamw,1,5.434349536895752,0.8026176731835888
2025-11-12 09:56:43,1,5390,Instruct,full,8,0.001,0.0009973764705103012,4,1,4,mudamw,1,5.279610633850098,0.7422263728826713
2025-11-12 09:57:48,1,5400,Instruct,full,8,0.001,0.0009973661588702407,4,1,4,mudamw,1,5.204209804534912,0.8093430318974034
2025-11-12 09:58:45,1,5410,Instruct,full,8,0.001,0.000997355827058805,4,1,4,mudamw,1,5.1249823570251465,0.702430540124824
2025-11-12 09:59:39,1,5420,Instruct,full,8,0.001,0.000997345475076413,4,1,4,mudamw,1,5.424826622009277,0.7280275144154273
2025-11-12 10:00:45,1,5430,Instruct,full,8,0.001,0.0009973351029234857,4,1,4,mudamw,1,5.181238174438477,0.9048655920581437
2025-11-12 10:01:49,1,5440,Instruct,full,8,0.001,0.0009973247106004441,4,1,4,mudamw,1,5.36821174621582,0.8620947285298518
2025-11-12 10:02:54,1,5450,Instruct,full,8,0.001,0.0009973142981077095,4,1,4,mudamw,1,5.150996208190918,0.7169762366591266
2025-11-12 10:03:59,1,5460,Instruct,full,8,0.001,0.0009973038654457053,4,1,4,mudamw,1,5.570230960845947,0.8289282675933248
2025-11-12 10:05:04,1,5470,Instruct,full,8,0.001,0.0009972934126148544,4,1,4,mudamw,1,5.167692184448242,0.774799939773191
2025-11-12 10:06:09,1,5480,Instruct,full,8,0.001,0.0009972829396155815,4,1,4,mudamw,1,5.434115409851074,0.8246233441179639
2025-11-12 10:07:15,1,5490,Instruct,full,8,0.001,0.000997272446448312,4,1,4,mudamw,1,5.386537551879883,0.8039763383336268
2025-11-12 10:08:21,1,5500,Instruct,full,8,0.001,0.0009972619331134714,4,1,4,mudamw,1,5.517049789428711,0.794804396641864
2025-11-12 10:09:26,1,5510,Instruct,full,8,0.001,0.000997251399611487,4,1,4,mudamw,1,5.120959758758545,0.7754194875151272
2025-11-12 10:10:30,1,5520,Instruct,full,8,0.001,0.000997240845942786,4,1,4,mudamw,1,5.50840425491333,0.8085938754019985
2025-11-12 10:11:35,1,5530,Instruct,full,8,0.001,0.0009972302721077972,4,1,4,mudamw,1,5.098471641540527,0.765511564406596
2025-11-12 10:12:39,1,5540,Instruct,full,8,0.001,0.0009972196781069496,4,1,4,mudamw,1,5.5005035400390625,0.8578464609183996
2025-11-12 10:13:45,1,5550,Instruct,full,8,0.001,0.0009972090639406735,4,1,4,mudamw,1,5.491759300231934,0.786955392365851
2025-11-12 10:14:49,1,5560,Instruct,full,8,0.001,0.0009971984296093994,4,1,4,mudamw,1,5.67733097076416,0.7872247231325188
2025-11-12 10:15:54,1,5570,Instruct,full,8,0.001,0.0009971877751135598,4,1,4,mudamw,1,5.272704601287842,0.8032755850760563
2025-11-12 10:16:59,1,5580,Instruct,full,8,0.001,0.0009971771004535866,4,1,4,mudamw,1,5.11376428604126,0.9726933530166214
2025-11-12 10:17:52,1,5590,Instruct,full,8,0.001,0.000997166405629913,4,1,4,mudamw,1,5.331777095794678,0.7380033192966647
2025-11-12 10:18:55,1,5600,Instruct,full,8,0.001,0.0009971556906429738,4,1,4,mudamw,1,5.843072891235352,0.8538630951558541
2025-11-12 10:20:00,1,5610,Instruct,full,8,0.001,0.0009971449554932038,4,1,4,mudamw,1,5.549642086029053,0.7508224529373556
2025-11-12 10:20:57,1,5620,Instruct,full,8,0.001,0.0009971342001810384,4,1,4,mudamw,1,5.328100204467773,0.8132327115270335
2025-11-12 10:21:52,1,5630,Instruct,full,8,0.001,0.0009971234247069148,4,1,4,mudamw,1,5.320004463195801,0.8233463258072814
2025-11-12 10:22:59,1,5640,Instruct,full,8,0.001,0.0009971126290712702,4,1,4,mudamw,1,5.096893310546875,0.7338702367913473
2025-11-12 10:24:03,1,5650,Instruct,full,8,0.001,0.0009971018132745428,4,1,4,mudamw,1,5.467258930206299,0.7472697813717489
2025-11-12 10:25:09,1,5660,Instruct,full,8,0.001,0.000997090977317172,4,1,4,mudamw,1,5.336330890655518,0.8268433467156285
2025-11-12 10:26:14,1,5670,Instruct,full,8,0.001,0.0009970801211995972,4,1,4,mudamw,1,5.373380184173584,0.7138978691589258
2025-11-12 10:27:20,1,5680,Instruct,full,8,0.001,0.0009970692449222595,4,1,4,mudamw,1,5.538099765777588,0.7699351439711181
2025-11-12 10:28:26,1,5690,Instruct,full,8,0.001,0.0009970583484856005,4,1,4,mudamw,1,5.489160537719727,0.8910353863538265
2025-11-12 10:29:31,1,5700,Instruct,full,8,0.001,0.0009970474318900624,4,1,4,mudamw,1,5.593250751495361,0.7256750360556542
2025-11-12 10:30:36,1,5710,Instruct,full,8,0.001,0.0009970364951360881,4,1,4,mudamw,1,5.374011516571045,0.7896490660259299
2025-11-12 10:31:41,1,5720,Instruct,full,8,0.001,0.0009970255382241223,4,1,4,mudamw,1,5.237820625305176,0.8339190220111712
2025-11-12 10:32:47,1,5730,Instruct,full,8,0.001,0.0009970145611546092,4,1,4,mudamw,1,5.530689716339111,0.684946324452619
2025-11-12 10:33:53,1,5740,Instruct,full,8,0.001,0.0009970035639279948,4,1,4,mudamw,1,5.272674560546875,0.8618695929189683
2025-11-12 10:34:58,1,5750,Instruct,full,8,0.001,0.0009969925465447254,4,1,4,mudamw,1,5.369370460510254,0.7455344321804838
2025-11-12 10:36:03,1,5760,Instruct,full,8,0.001,0.0009969815090052482,4,1,4,mudamw,1,5.440276622772217,0.7660405277749174
2025-11-12 10:37:03,1,5770,Instruct,full,8,0.001,0.0009969704513100115,4,1,4,mudamw,1,5.4340081214904785,0.8401829564518581
2025-11-12 10:40:57,1,5780,Instruct,full,8,0.001,0.0009969593734594643,4,1,4,mudamw,1,5.093960285186768,0.776228602031386
2025-11-12 10:43:51,1,5790,Instruct,full,8,0.001,0.0009969482754540557,4,1,4,mudamw,1,5.393074035644531,0.8157365584547212
2025-11-12 10:45:46,1,5800,Instruct,full,8,0.001,0.000996937157294237,4,1,4,mudamw,1,5.432415008544922,0.729547157013748
2025-11-12 10:46:47,1,5810,Instruct,full,8,0.001,0.000996926018980459,4,1,4,mudamw,1,5.409938812255859,0.7008373414306522
2025-11-12 10:47:51,1,5820,Instruct,full,8,0.001,0.0009969148605131744,4,1,4,mudamw,1,5.545526504516602,0.8172905198204803
2025-11-12 10:48:56,1,5830,Instruct,full,8,0.001,0.000996903681892836,4,1,4,mudamw,1,5.430035591125488,0.7593229028295666
2025-11-12 10:50:00,1,5840,Instruct,full,8,0.001,0.0009968924831198973,4,1,4,mudamw,1,5.149123191833496,0.7012991729506215
2025-11-12 10:51:06,1,5850,Instruct,full,8,0.001,0.0009968812641948134,4,1,4,mudamw,1,5.217048168182373,0.7221196874045961
2025-11-12 10:52:12,1,5860,Instruct,full,8,0.001,0.0009968700251180393,4,1,4,mudamw,1,5.399201393127441,0.813654588195065
2025-11-12 10:53:17,1,5870,Instruct,full,8,0.001,0.0009968587658900317,4,1,4,mudamw,1,5.331153392791748,0.7969104969257739
2025-11-12 10:54:23,1,5880,Instruct,full,8,0.001,0.0009968474865112474,4,1,4,mudamw,1,5.447285175323486,0.7111777906808775
2025-11-12 10:55:23,1,5890,Instruct,full,8,0.001,0.0009968361869821445,4,1,4,mudamw,1,5.429478168487549,0.8129683856846208
2025-11-12 10:56:16,1,5900,Instruct,full,8,0.001,0.0009968248673031819,4,1,4,mudamw,1,5.393599033355713,0.809204008883746
2025-11-12 10:57:22,1,5910,Instruct,full,8,0.001,0.0009968135274748186,4,1,4,mudamw,1,4.888827323913574,0.7791487812396607
2025-11-12 10:58:29,1,5920,Instruct,full,8,0.001,0.0009968021674975154,4,1,4,mudamw,1,5.656595706939697,0.7082030857110462
2025-11-12 10:59:34,1,5930,Instruct,full,8,0.001,0.0009967907873717334,4,1,4,mudamw,1,5.293889045715332,0.8025146502339969
2025-11-12 11:00:39,1,5940,Instruct,full,8,0.001,0.0009967793870979344,4,1,4,mudamw,1,5.343029022216797,0.7360208974075336
2025-11-12 11:01:39,1,5950,Instruct,full,8,0.001,0.0009967679666765816,4,1,4,mudamw,1,5.141402244567871,0.7491337269229782
2025-11-12 11:02:30,1,5960,Instruct,full,8,0.001,0.000996756526108138,4,1,4,mudamw,1,5.461553573608398,0.7444450634333621
2025-11-12 11:03:35,1,5970,Instruct,full,8,0.001,0.0009967450653930688,4,1,4,mudamw,1,5.050881862640381,0.7361236907670408
2025-11-12 11:04:41,1,5980,Instruct,full,8,0.001,0.000996733584531839,4,1,4,mudamw,1,5.508133888244629,0.6971994379115787
2025-11-12 11:05:47,1,5990,Instruct,full,8,0.001,0.0009967220835249144,4,1,4,mudamw,1,5.265274524688721,0.7956796402591872
2025-11-12 11:06:52,1,6000,Instruct,full,8,0.001,0.0009967105623727626,4,1,4,mudamw,1,5.81121301651001,0.7845621620887975
2025-11-12 11:07:57,1,6010,Instruct,full,8,0.001,0.0009966990210758505,4,1,4,mudamw,1,5.308391094207764,0.757376358741895
2025-11-12 11:09:02,1,6020,Instruct,full,8,0.001,0.000996687459634647,4,1,4,mudamw,1,5.26251745223999,0.7797445759895796
2025-11-12 11:10:07,1,6030,Instruct,full,8,0.001,0.0009966758780496215,4,1,4,mudamw,1,5.009485721588135,0.8014822333199164
2025-11-12 11:11:10,1,6040,Instruct,full,8,0.001,0.0009966642763212443,4,1,4,mudamw,1,5.280447483062744,0.7153549632428522
2025-11-12 11:12:16,1,6050,Instruct,full,8,0.001,0.0009966526544499862,4,1,4,mudamw,1,5.24269962310791,0.7992941549310291
2025-11-12 11:13:22,1,6060,Instruct,full,8,0.001,0.000996641012436319,4,1,4,mudamw,1,5.582029819488525,0.7580787346842474
2025-11-12 11:14:26,1,6070,Instruct,full,8,0.001,0.0009966293502807152,4,1,4,mudamw,1,5.228881359100342,0.7094221592717137
2025-11-12 11:15:32,1,6080,Instruct,full,8,0.001,0.0009966176679836489,4,1,4,mudamw,1,5.545263767242432,0.7279418498226284
2025-11-12 11:16:37,1,6090,Instruct,full,8,0.001,0.0009966059655455938,4,1,4,mudamw,1,5.095632076263428,0.7892043832979836
2025-11-12 11:17:42,1,6100,Instruct,full,8,0.001,0.0009965942429670247,4,1,4,mudamw,1,5.306486129760742,0.6845217198322164
2025-11-12 11:18:47,1,6110,Instruct,full,8,0.001,0.0009965825002484184,4,1,4,mudamw,1,5.0997090339660645,0.7959862284287565
2025-11-12 11:19:51,1,6120,Instruct,full,8,0.001,0.000996570737390251,4,1,4,mudamw,1,5.477001667022705,0.7433962638921277
2025-11-12 11:20:44,1,6130,Instruct,full,8,0.001,0.000996558954393,4,1,4,mudamw,1,5.291896343231201,0.7446112880774264
2025-11-12 11:21:44,1,6140,Instruct,full,8,0.001,0.0009965471512571442,4,1,4,mudamw,1,5.441628932952881,0.7402760750889553
2025-11-12 11:22:50,1,6150,Instruct,full,8,0.001,0.0009965353279831623,4,1,4,mudamw,1,5.61474609375,0.9759275200262841
2025-11-12 11:23:56,1,6160,Instruct,full,8,0.001,0.0009965234845715346,4,1,4,mudamw,1,5.247840881347656,0.7736635893585655
2025-11-12 11:25:02,1,6170,Instruct,full,8,0.001,0.0009965116210227417,4,1,4,mudamw,1,5.192541122436523,0.7421777346976921
2025-11-12 11:26:07,1,6180,Instruct,full,8,0.001,0.0009964997373372655,4,1,4,mudamw,1,5.038904666900635,1.05596534851193
2025-11-12 11:27:04,1,6190,Instruct,full,8,0.001,0.000996487833515588,4,1,4,mudamw,1,5.411901950836182,0.7259406693710676
2025-11-12 11:28:02,1,6200,Instruct,full,8,0.001,0.000996475909558193,4,1,4,mudamw,1,5.555386066436768,0.7244198373272951
2025-11-12 11:29:07,1,6210,Instruct,full,8,0.001,0.0009964639654655642,4,1,4,mudamw,1,4.886059761047363,0.7823381444849651
2025-11-12 11:30:13,1,6220,Instruct,full,8,0.001,0.0009964520012381867,4,1,4,mudamw,1,5.41691255569458,0.7368623183465005
2025-11-12 11:31:17,1,6230,Instruct,full,8,0.001,0.000996440016876546,4,1,4,mudamw,1,5.081026554107666,0.8684375773744917
2025-11-12 11:32:22,1,6240,Instruct,full,8,0.001,0.000996428012381129,4,1,4,mudamw,1,4.868189811706543,0.7650310991162418
2025-11-12 11:33:28,1,6250,Instruct,full,8,0.001,0.0009964159877524227,4,1,4,mudamw,1,5.349936008453369,0.82305461839185
2025-11-12 11:34:34,1,6260,Instruct,full,8,0.001,0.0009964039429909153,4,1,4,mudamw,1,5.1608405113220215,0.7108644678998584
2025-11-12 11:35:39,1,6270,Instruct,full,8,0.001,0.0009963918780970956,4,1,4,mudamw,1,5.173790454864502,0.7150098581319577
2025-11-12 11:36:44,1,6280,Instruct,full,8,0.001,0.0009963797930714541,4,1,4,mudamw,1,5.522131443023682,0.7299664993476846
2025-11-12 11:37:49,1,6290,Instruct,full,8,0.001,0.0009963676879144808,4,1,4,mudamw,1,5.172274112701416,0.7686827990537164
2025-11-12 11:38:54,1,6300,Instruct,full,8,0.001,0.0009963555626266672,4,1,4,mudamw,1,5.417152404785156,0.7731004029756858
2025-11-12 11:39:53,1,6310,Instruct,full,8,0.001,0.000996343417208506,4,1,4,mudamw,1,4.941786766052246,0.6913554102352818
2025-11-12 11:40:46,1,6320,Instruct,full,8,0.001,0.0009963312516604896,4,1,4,mudamw,1,5.130016326904297,0.7912754188274312
2025-11-12 11:41:51,1,6330,Instruct,full,8,0.001,0.0009963190659831125,4,1,4,mudamw,1,5.127239227294922,0.7320500050433023
2025-11-12 11:42:57,1,6340,Instruct,full,8,0.001,0.000996306860176869,4,1,4,mudamw,1,5.4462714195251465,0.7176430018232214
2025-11-12 11:44:02,1,6350,Instruct,full,8,0.001,0.0009962946342422546,4,1,4,mudamw,1,5.147220134735107,0.7294710917409839
2025-11-12 11:45:07,1,6360,Instruct,full,8,0.001,0.000996282388179766,4,1,4,mudamw,1,5.223966121673584,0.7500596601933562
2025-11-12 11:46:13,1,6370,Instruct,full,8,0.001,0.0009962701219899,4,1,4,mudamw,1,5.323719501495361,0.7074175818864162
2025-11-12 11:47:19,1,6380,Instruct,full,8,0.001,0.0009962578356731548,4,1,4,mudamw,1,5.288488864898682,0.7368521192277956
2025-11-12 11:48:24,1,6390,Instruct,full,8,0.001,0.0009962455292300291,4,1,4,mudamw,1,5.256936550140381,0.754976548798704
2025-11-12 11:49:30,1,6400,Instruct,full,8,0.001,0.0009962332026610225,4,1,4,mudamw,1,5.204758167266846,0.7377473658476075
2025-11-12 11:50:35,1,6410,Instruct,full,8,0.001,0.0009962208559666354,4,1,4,mudamw,1,5.268853187561035,0.7457278128694954
2025-11-12 11:51:40,1,6420,Instruct,full,8,0.001,0.0009962084891473693,4,1,4,mudamw,1,5.116535186767578,0.7739045959241561
2025-11-12 11:52:46,1,6430,Instruct,full,8,0.001,0.0009961961022037257,4,1,4,mudamw,1,5.495812892913818,0.7154017851673387
2025-11-12 11:53:51,1,6440,Instruct,full,8,0.001,0.000996183695136208,4,1,4,mudamw,1,5.187281608581543,0.7101956669128033
2025-11-12 11:54:56,1,6450,Instruct,full,8,0.001,0.0009961712679453197,4,1,4,mudamw,1,5.372224807739258,0.7322871162662583
2025-11-12 11:56:01,1,6460,Instruct,full,8,0.001,0.0009961588206315653,4,1,4,mudamw,1,4.852115154266357,0.7410362202243653
2025-11-12 11:56:54,1,6470,Instruct,full,8,0.001,0.0009961463531954502,4,1,4,mudamw,1,5.032208442687988,0.8323350445807836
2025-11-12 11:57:54,1,6480,Instruct,full,8,0.001,0.0009961338656374803,4,1,4,mudamw,1,5.200023651123047,0.7366736901687662
2025-11-12 11:58:59,1,6490,Instruct,full,8,0.001,0.0009961213579581629,4,1,4,mudamw,1,5.370327949523926,0.6999062712849317
2025-11-12 11:59:53,1,6500,Instruct,full,8,0.001,0.0009961088301580056,4,1,4,mudamw,1,5.301514625549316,0.703310285794001
2025-11-12 12:00:51,1,6510,Instruct,full,8,0.001,0.000996096282237517,4,1,4,mudamw,1,5.115449905395508,0.7774398595423233
2025-11-12 12:01:57,1,6520,Instruct,full,8,0.001,0.0009960837141972064,4,1,4,mudamw,1,4.996474742889404,0.6654465568452016
2025-11-12 12:03:01,1,6530,Instruct,full,8,0.001,0.0009960711260375843,4,1,4,mudamw,1,5.07350492477417,0.7887976376910709
2025-11-12 12:04:08,1,6540,Instruct,full,8,0.001,0.0009960585177591617,4,1,4,mudamw,1,5.0777201652526855,0.7292570627997098
2025-11-12 12:05:13,1,6550,Instruct,full,8,0.001,0.00099604588936245,4,1,4,mudamw,1,5.133787631988525,0.7231018072171767
2025-11-12 12:06:18,1,6560,Instruct,full,8,0.001,0.0009960332408479626,4,1,4,mudamw,1,5.0165557861328125,0.7059754657381616
2025-11-12 12:07:23,1,6570,Instruct,full,8,0.001,0.0009960205722162126,4,1,4,mudamw,1,5.375176906585693,0.7332819037955051
2025-11-12 12:08:28,1,6580,Instruct,full,8,0.001,0.000996007883467714,4,1,4,mudamw,1,5.158605098724365,0.7360897024307606
2025-11-12 12:09:33,1,6590,Instruct,full,8,0.001,0.0009959951746029826,4,1,4,mudamw,1,5.0694732666015625,0.7280506880770112
2025-11-12 12:10:38,1,6600,Instruct,full,8,0.001,0.000995982445622534,4,1,4,mudamw,1,5.500680446624756,0.6968854471741384
2025-11-12 12:11:43,1,6610,Instruct,full,8,0.001,0.0009959696965268848,4,1,4,mudamw,1,5.461390018463135,0.8535722562085877
2025-11-12 12:12:48,1,6620,Instruct,full,8,0.001,0.0009959569273165529,4,1,4,mudamw,1,5.467906475067139,0.7510753854060529
2025-11-12 12:13:54,1,6630,Instruct,full,8,0.001,0.0009959441379920565,4,1,4,mudamw,1,4.915546894073486,0.7106208062444748
2025-11-12 12:15:00,1,6640,Instruct,full,8,0.001,0.0009959313285539148,4,1,4,mudamw,1,5.441756725311279,0.6941124875792984
2025-11-12 12:16:05,1,6650,Instruct,full,8,0.001,0.000995918499002648,4,1,4,mudamw,1,5.227784633636475,0.7063903186299887
2025-11-12 12:17:10,1,6660,Instruct,full,8,0.001,0.0009959056493387766,4,1,4,mudamw,1,5.470547199249268,0.6964412036808192
2025-11-12 12:18:11,1,6670,Instruct,full,8,0.001,0.0009958927795628227,4,1,4,mudamw,1,5.39926815032959,0.6999367501433702
2025-11-12 12:19:03,1,6680,Instruct,full,8,0.001,0.0009958798896753083,4,1,4,mudamw,1,5.1225786209106445,0.6903533435108207
2025-11-12 12:20:09,1,6690,Instruct,full,8,0.001,0.0009958669796767572,4,1,4,mudamw,1,5.1831135749816895,0.6842957118268814
2025-11-12 12:21:14,1,6700,Instruct,full,8,0.001,0.000995854049567693,4,1,4,mudamw,1,5.318700790405273,0.7702605707285615
2025-11-12 12:22:19,1,6710,Instruct,full,8,0.001,0.0009958410993486412,4,1,4,mudamw,1,5.055609703063965,0.8275647813220255
2025-11-12 12:23:24,1,6720,Instruct,full,8,0.001,0.0009958281290201273,4,1,4,mudamw,1,4.562325954437256,0.7076371582741345
2025-11-12 12:24:30,1,6730,Instruct,full,8,0.001,0.0009958151385826776,4,1,4,mudamw,1,4.977327823638916,0.715234157777776
2025-11-12 12:25:35,1,6740,Instruct,full,8,0.001,0.0009958021280368197,4,1,4,mudamw,1,5.1486663818359375,0.6825225068180419
2025-11-12 12:26:41,1,6750,Instruct,full,8,0.001,0.0009957890973830816,4,1,4,mudamw,1,5.824541091918945,0.7660562230270876
2025-11-12 12:27:41,1,6760,Instruct,full,8,0.001,0.0009957760466219928,4,1,4,mudamw,1,5.005180835723877,0.7713695820416309
2025-11-12 12:28:33,1,6770,Instruct,full,8,0.001,0.0009957629757540826,4,1,4,mudamw,1,5.096419334411621,0.6679109814166285
2025-11-12 12:29:39,1,6780,Instruct,full,8,0.001,0.0009957498847798817,4,1,4,mudamw,1,5.176348686218262,0.7287758814704848
2025-11-12 12:30:45,1,6790,Instruct,full,8,0.001,0.0009957367736999222,4,1,4,mudamw,1,5.0968217849731445,0.684757615974113
2025-11-12 12:31:50,1,6800,Instruct,full,8,0.001,0.0009957236425147354,4,1,4,mudamw,1,5.133338451385498,0.8102139528510858
2025-11-12 12:32:55,1,6810,Instruct,full,8,0.001,0.000995710491224855,4,1,4,mudamw,1,5.113862037658691,0.6579869431312336
2025-11-12 12:34:00,1,6820,Instruct,full,8,0.001,0.0009956973198308146,4,1,4,mudamw,1,5.620508193969727,0.72690961477729
2025-11-12 12:35:06,1,6830,Instruct,full,8,0.001,0.0009956841283331492,4,1,4,mudamw,1,5.4540486335754395,0.7654054450387464
2025-11-12 12:36:11,1,6840,Instruct,full,8,0.001,0.0009956709167323941,4,1,4,mudamw,1,5.013875484466553,0.7898977150725001
2025-11-12 12:37:17,1,6850,Instruct,full,8,0.001,0.000995657685029086,4,1,4,mudamw,1,5.3022541999816895,0.8004975384618608
2025-11-12 12:38:16,1,6860,Instruct,full,8,0.001,0.0009956444332237617,4,1,4,mudamw,1,5.318533420562744,0.6776873935013779
2025-11-12 12:39:10,1,6870,Instruct,full,8,0.001,0.0009956311613169594,4,1,4,mudamw,1,5.132631301879883,0.7796354293586284
2025-11-12 12:40:17,1,6880,Instruct,full,8,0.001,0.0009956178693092178,4,1,4,mudamw,1,5.0774359703063965,0.7469419241503179
2025-11-12 12:41:22,1,6890,Instruct,full,8,0.001,0.0009956045572010765,4,1,4,mudamw,1,5.345717906951904,0.7671871207125802
2025-11-12 12:42:29,1,6900,Instruct,full,8,0.001,0.0009955912249930761,4,1,4,mudamw,1,5.36433219909668,0.7761369656857628
2025-11-12 12:43:34,1,6910,Instruct,full,8,0.001,0.0009955778726857577,4,1,4,mudamw,1,5.380808353424072,0.740598280825805
2025-11-12 12:44:40,1,6920,Instruct,full,8,0.001,0.0009955645002796634,4,1,4,mudamw,1,5.388769149780273,0.7358692020171953
2025-11-12 12:45:45,1,6930,Instruct,full,8,0.001,0.000995551107775336,4,1,4,mudamw,1,4.905348777770996,0.6915052553482672
2025-11-12 12:46:51,1,6940,Instruct,full,8,0.001,0.0009955376951733194,4,1,4,mudamw,1,5.324021816253662,0.7596013548715043
2025-11-12 12:47:56,1,6950,Instruct,full,8,0.001,0.0009955242624741579,4,1,4,mudamw,1,5.116194248199463,0.6969037806155597
2025-11-12 12:49:02,1,6960,Instruct,full,8,0.001,0.000995510809678397,4,1,4,mudamw,1,5.113983154296875,0.7196362856316738
2025-11-12 12:50:07,1,6970,Instruct,full,8,0.001,0.0009954973367865827,4,1,4,mudamw,1,5.047895431518555,0.654159174238212
2025-11-12 12:51:13,1,6980,Instruct,full,8,0.001,0.0009954838437992621,4,1,4,mudamw,1,5.594717025756836,0.6975171619447947
2025-11-12 12:52:18,1,6990,Instruct,full,8,0.001,0.000995470330716983,4,1,4,mudamw,1,5.36215353012085,0.7081170849795914
2025-11-12 12:53:25,1,7000,Instruct,full,8,0.001,0.0009954567975402936,4,1,4,mudamw,1,5.4957594871521,0.6825709847192278
2025-11-12 12:54:31,1,7010,Instruct,full,8,0.001,0.000995443244269744,4,1,4,mudamw,1,5.444036483764648,0.7426229964288557
2025-11-12 12:55:37,1,7020,Instruct,full,8,0.001,0.0009954296709058837,4,1,4,mudamw,1,4.87935733795166,0.7504579603894385
2025-11-12 12:56:42,1,7030,Instruct,full,8,0.001,0.0009954160774492643,4,1,4,mudamw,1,5.280277729034424,0.7266925460563972
2025-11-12 12:57:36,1,7040,Instruct,full,8,0.001,0.0009954024639004372,4,1,4,mudamw,1,5.616151332855225,0.668535994635757
2025-11-12 12:58:37,1,7050,Instruct,full,8,0.001,0.0009953888302599555,4,1,4,mudamw,1,5.218551158905029,0.6930272085125104
2025-11-12 12:59:37,1,7060,Instruct,full,8,0.001,0.0009953751765283726,4,1,4,mudamw,1,5.17457389831543,0.735187342876233
2025-11-12 13:00:31,1,7070,Instruct,full,8,0.001,0.0009953615027062425,4,1,4,mudamw,1,5.126436233520508,0.7008377223142075
2025-11-12 13:01:38,1,7080,Instruct,full,8,0.001,0.0009953478087941204,4,1,4,mudamw,1,5.164125442504883,0.7018118217307969
2025-11-12 13:02:43,1,7090,Instruct,full,8,0.001,0.0009953340947925625,4,1,4,mudamw,1,5.0138750076293945,0.7211375923494107
2025-11-12 13:03:49,1,7100,Instruct,full,8,0.001,0.0009953203607021256,4,1,4,mudamw,1,4.64427375793457,0.6799803993788435
2025-11-12 13:04:54,1,7110,Instruct,full,8,0.001,0.000995306606523367,4,1,4,mudamw,1,5.010832786560059,0.6395082588226896
2025-11-12 13:06:00,1,7120,Instruct,full,8,0.001,0.0009952928322568449,4,1,4,mudamw,1,5.191080093383789,0.6905865219054762
2025-11-12 13:07:05,1,7130,Instruct,full,8,0.001,0.0009952790379031188,4,1,4,mudamw,1,5.041262626647949,0.7207306776454276
2025-11-12 13:08:11,1,7140,Instruct,full,8,0.001,0.0009952652234627487,4,1,4,mudamw,1,5.408730506896973,0.8501192540980631
2025-11-12 13:09:16,1,7150,Instruct,full,8,0.001,0.0009952513889362954,4,1,4,mudamw,1,5.129112243652344,0.6794056412624752
2025-11-12 13:10:22,1,7160,Instruct,full,8,0.001,0.0009952375343243206,4,1,4,mudamw,1,4.9566450119018555,0.7184708007084386
2025-11-12 13:11:28,1,7170,Instruct,full,8,0.001,0.0009952236596273867,4,1,4,mudamw,1,5.265142440795898,0.7381777961896504
2025-11-12 13:12:32,1,7180,Instruct,full,8,0.001,0.0009952097648460569,4,1,4,mudamw,1,5.456268310546875,0.7666066234776896
2025-11-12 13:13:38,1,7190,Instruct,full,8,0.001,0.0009951958499808953,4,1,4,mudamw,1,5.267060279846191,0.7051365609651001
2025-11-12 13:14:44,1,7200,Instruct,full,8,0.001,0.0009951819150324668,4,1,4,mudamw,1,5.5160346031188965,0.6799412100660724
2025-11-12 13:15:50,1,7210,Instruct,full,8,0.001,0.0009951679600013372,4,1,4,mudamw,1,5.191251754760742,0.7023245800615815
2025-11-12 13:16:54,1,7220,Instruct,full,8,0.001,0.0009951539848880731,4,1,4,mudamw,1,5.345782279968262,0.7547559188983402
2025-11-12 13:17:46,1,7230,Instruct,full,8,0.001,0.0009951399896932418,4,1,4,mudamw,1,5.423424243927002,0.77983545143196
2025-11-12 13:18:51,1,7240,Instruct,full,8,0.001,0.0009951259744174115,4,1,4,mudamw,1,5.529208183288574,0.7368633143211095
2025-11-12 13:19:57,1,7250,Instruct,full,8,0.001,0.0009951119390611508,4,1,4,mudamw,1,5.260136127471924,0.6735709202323316
2025-11-12 13:21:03,1,7260,Instruct,full,8,0.001,0.00099509788362503,4,1,4,mudamw,1,5.171019554138184,0.6750459245160074
2025-11-12 13:22:09,1,7270,Instruct,full,8,0.001,0.0009950838081096195,4,1,4,mudamw,1,4.620302677154541,0.7155993189255322
2025-11-12 13:23:15,1,7280,Instruct,full,8,0.001,0.0009950697125154907,4,1,4,mudamw,1,5.471120357513428,0.6723858436886209
2025-11-12 13:24:21,1,7290,Instruct,full,8,0.001,0.0009950555968432158,4,1,4,mudamw,1,5.054468631744385,0.7160752977474313
2025-11-12 13:25:26,1,7300,Instruct,full,8,0.001,0.0009950414610933682,4,1,4,mudamw,1,5.245771408081055,0.7618695225367426
2025-11-12 13:26:31,1,7310,Instruct,full,8,0.001,0.0009950273052665214,4,1,4,mudamw,1,5.23712158203125,0.6914617979355951
2025-11-12 13:27:36,1,7320,Instruct,full,8,0.001,0.00099501312936325,4,1,4,mudamw,1,5.3658294677734375,0.7001070139642434
2025-11-12 13:28:43,1,7330,Instruct,full,8,0.001,0.00099499893338413,4,1,4,mudamw,1,5.208739280700684,0.6808187822777969
2025-11-12 13:29:43,1,7340,Instruct,full,8,0.001,0.0009949847173297372,4,1,4,mudamw,1,5.080142498016357,0.6883002519408823
2025-11-12 13:30:36,1,7350,Instruct,full,8,0.001,0.000994970481200649,4,1,4,mudamw,1,5.02656888961792,0.6744253004411352
2025-11-12 13:31:43,1,7360,Instruct,full,8,0.001,0.0009949562249974434,4,1,4,mudamw,1,5.429861545562744,0.6718877981849679
2025-11-12 13:32:49,1,7370,Instruct,full,8,0.001,0.0009949419487206988,4,1,4,mudamw,1,5.352601051330566,0.7292700711283149
2025-11-12 13:33:56,1,7380,Instruct,full,8,0.001,0.0009949276523709952,4,1,4,mudamw,1,5.0420918464660645,0.7005219542586992
2025-11-12 13:35:03,1,7390,Instruct,full,8,0.001,0.0009949133359489128,4,1,4,mudamw,1,5.178630352020264,0.7407162713042102
2025-11-12 13:36:07,1,7400,Instruct,full,8,0.001,0.000994898999455033,4,1,4,mudamw,1,5.2572150230407715,0.7096508883312436
2025-11-12 13:37:08,1,7410,Instruct,full,8,0.001,0.0009948846428899374,4,1,4,mudamw,1,4.971706867218018,0.6827207968892951
2025-11-12 13:38:01,1,7420,Instruct,full,8,0.001,0.0009948702662542093,4,1,4,mudamw,1,5.280387878417969,0.7080987270790392
2025-11-12 13:39:08,1,7430,Instruct,full,8,0.001,0.000994855869548432,4,1,4,mudamw,1,5.289426803588867,0.7710371685468235
2025-11-12 13:40:15,1,7440,Instruct,full,8,0.001,0.0009948414527731902,4,1,4,mudamw,1,4.983126163482666,0.7748921694024254
2025-11-12 13:41:21,1,7450,Instruct,full,8,0.001,0.000994827015929069,4,1,4,mudamw,1,5.108067989349365,0.680023754634195
2025-11-12 13:42:27,1,7460,Instruct,full,8,0.001,0.0009948125590166547,4,1,4,mudamw,1,5.013269424438477,0.7068085145586707
2025-11-12 13:43:33,1,7470,Instruct,full,8,0.001,0.000994798082036534,4,1,4,mudamw,1,5.5245747566223145,0.6739450678306457
2025-11-12 13:44:39,1,7480,Instruct,full,8,0.001,0.0009947835849892946,4,1,4,mudamw,1,5.26894998550415,0.7090840788108868
2025-11-12 13:45:46,1,7490,Instruct,full,8,0.001,0.0009947690678755255,4,1,4,mudamw,1,5.345963478088379,0.6984340484697954
2025-11-12 13:46:52,1,7500,Instruct,full,8,0.001,0.0009947545306958152,4,1,4,mudamw,1,4.837279796600342,0.7052649783793822
2025-11-12 13:47:58,1,7510,Instruct,full,8,0.001,0.0009947399734507548,4,1,4,mudamw,1,5.211987018585205,0.6859501045680245
